,date,review,rating,isEdited,userName,title
0,2022-12-23 02:15:39,akak,3,False,Ph·∫°m K,"Bij crash tren iphone 14pro, fix gap cac ban oi"
1,2019-09-21 02:00:22,"ƒë√£ c√†i tr√™n ƒëi·ªán tho·∫°i v√† d√πng b√¨nh th∆∞·ªùng, kh√¥ng h·ªÅ ƒë·ªïi ƒëi·ªán tho·∫°i hay th√°o sim nh∆∞ng th∆∞·ªùng xuy√™n ng·∫´u nhi√™n b·ªã b√°o l√† ·ª©ng d·ª•ng kh√¥ng ti·∫øp t·ª•c d√πng ƒë∆∞·ª£c n·ªØa v√¨ ƒë√£ ƒë·ªïi ƒëi·ªán tho·∫°i ho·∫∑c th√°o sim.

m·ªói l·∫ßn nh∆∞ v·∫≠y ƒë·ªÅu ph·∫£i m·∫•t c√¥ng ra ng√¢n h√†ng l√†m k√≠ch ho·∫°t l·∫°i r·∫•t phi·ªÅn to√°i.

vietcombank c√≥ v·∫•n ƒë·ªÅ v·ªÅ t∆∞ duy quy tr√¨nh b·∫£o m·∫≠t. tr∆∞·ªõc ƒë√¢y th√¨ qu√° l·ªèng l·∫ªo ƒë·∫øn m·ª©c c√≥ kh√°ch h√†ng b·ªã m·∫•t t√†i kho·∫£n truy c·∫≠p internet banking v√† ch·ªâ c·∫ßn t√†i kho·∫£n internet banking l√† ng∆∞·ªùi kh√°c truy c·∫≠p ƒë∆∞·ª£c v√† ƒë·ªïi th·∫≥ng ƒë∆∞·ª£c c·∫£ s·ªë ƒëi·ªán tho·∫°i nh·∫≠n sms otp v√† b·ªã chuy·ªÉn m·∫•t 500tr lu√¥n. ƒë·∫øn gi·ªù s·ª≠a l·∫°i th√¨ l·∫°i th√†nh qu√° chi li phi·ªÅn to√°i kh√¥ng th·ª±c t·∫ø v·ªõi c√°i c∆° ch·∫ø ƒë·ªïi ƒëi·ªán tho·∫°i hay ƒë·∫∑c bi·ªát l√† v·ª• th√°o sim g√¨ ƒë√≥ th√¨ ch·∫£ hi·ªÉu ƒë·ªÉ l√†m g√¨ v√† l√†m sao ƒë·ªÉ bi·∫øt ƒëi·ªán tho·∫°i th√°o sim m√† su·ªët ng√†y b√°o ph·∫£i ra ng√¢n h√†ng k√≠ch ho·∫°t l·∫°i v√¨ th√°o sim trong khi m√¨nh d√πng ƒëi·ªán tho·∫°i kh√¥ng h·ªÅ th√°o sim bao gi·ªù. m√† gi·∫£ s·ª≠ c√≥ th√°o sim th√¨ ·∫£nh h∆∞·ªüng g√¨ t·ªõi c√°i ng√¢n h√†ng.

t∆∞ duy l√†m quy tr√¨nh b·∫£o m·∫≠t otp c·ªßa vietcombank th·ª±c s·ª± r·∫•t c√≥ v·∫•n ƒë·ªÅ.",1,False,tamnhuthuy,c∆° ch·∫ø t·ªá v√† phi·ªÅn to√°i
2,2019-11-16 02:17:13,"Gi·ªù ƒëa s·ªë ng√¢n h√†ng ng∆∞·ªùi ta t√≠ch h·ª£p smart otp v√¥ th·∫≥ng app banking, ch·ªâ c√≥ ng√¢n h√†ng n√†y t√°ch ra ƒë√£ v·∫≠y h·ªü c√°i l√† b·∫Øt ra k√≠ch ho·∫°t l·∫°i h·ªü c√°i l√† b·∫Øt ra k√≠ch ho·∫°t l·∫°i.
ƒê·ªïi thi·∫øt b·ªã m·ªõi: L·∫øt h√°n ra k√≠ch ho·∫°t l·∫°i.
Nh·∫≠p sai 5 l·∫ßn: l·∫øt h√°n ra k√≠ch ho·∫°t l·∫°i.
Qu√° 12 th√°ng: L·∫øt h√°n ra k√≠ch ho·∫°t l·∫°i.
Giao d·ªãch 180 ng√†y: L·∫øt h√°n ra k√≠ch ho·∫°t l·∫°i.
Trong khi Techcombank, Shinhan Bank, .v..v.. m·ªçi th·ª© ·ªü tr√™n ƒëi·ªÅu c√≥ th·ªÉ th·ª±c hi·ªán tr√™n app k b·∫Øt kh√°ch l·∫øt h√°n ra chi nh√°nh",1,False,nguyenhoangminhh,Dev ngu
3,2017-02-02 03:44:44,"M√¨nh d√πng ƒët tr∆∞·ªõc th√¨ ƒë∆∞·ª£c, ƒët m·ªõi b√°o ch∆∞a k√≠ch ho·∫°t. L√™n m√°y t√≠nh k√≠ch ho·∫°t r·ªìi m√† app v·∫´n b√°o ch∆∞a ƒë∆∞·ª£c.",1,False,Black8888,R·∫•t t·ªá
4,2016-08-26 09:10:05,S·ªë ƒët e tr∆∞·ªõc gi·ªù ƒë√£ k√≠ch ho·∫°t OTP c≈©ng nh∆∞ internetbanking . D√πng m√°y tr∆∞·ªõc v·∫´n b√¨nh th∆∞·ªùng. ƒê·ªïi sang m√°y m·ªõi. L·∫°i ko d√πng ƒëc app. Nh·∫≠p s·ªë ƒët v√†o app th√¨ b√°o l√† s·ªë ƒët ch∆∞a ƒëƒÉng k√Ω. Nh∆∞ng em ƒë√£ k√≠ch ho·∫°t l·∫°i tr√™n web r·ªìi v·∫´n ko ƒëc.ko bi·∫øt b·ªã l·ªói g√¨. S·ªë t·ªïng ƒë√†i g·ªçi ho√†i ko ƒëc.,1,False,Katie Nguyen Tran,L·ªói
5,2016-12-15 09:01:11,"I used SmartOTP properly since last year. Now it doesn't work anymore on my new iPhone. 
I am stuck at the first screen asking the mobile phone number. 
It says that I'm not registered but the website said I'm already registered. 
I called the support number who replied that I have to come to a VCB branch to register again. 
What a poor support !
VCB branches are closing at 4:30pm. 
Is that VCB concept of internet banking ?",1,False,Duke01011980,Doesn't work and incompetent support
6,2021-09-08 17:21:09,"Sau khi coi sao k√™ c·ªßa ngh·ªá sƒ© tung ra ph·∫£i n√≥i ƒë√¢y l√† ng√¢n h√†ng c√≥ d·ªãch v·ª• t·ªá nh·∫•t Vi·ªát Nam, kh√¥ng c·∫≠p nh·∫≠t s·ªë d∆∞ li√™n t·ª•c m√† b·∫Øt kh√°ch h√†ng ph·∫£i t·ª± c·ªông theo ng√†y, ·∫£nh h∆∞·ªüng tr·ª±c ti·∫øp t·ªõi k·∫ø hoahcj siwr d·ª•ng ti·ªÅn c·ªßa kh√°ch h√†ng",1,False,Moogucage,Ng√¢n H√†ng c√≥ d·ªãch v·ª• kh√°ch h√†ng t·ªá nh·∫•t Vi·ªát Nam
7,2021-09-08 16:29:54,Qu√° l√† t·ªá,1,False,5* game hay...,Qu√° t·ªá
8,2021-08-16 09:27:07,VCB smart OTP l√† c√°i app ngu nh·∫•t t√¥i t·ª´ng th·∫•y.,1,False,Anh1356,Stupid VCB smart OTP.
9,2021-02-11 06:43:57,M·ªü app ra b·ªã ƒë√≥ng lu√¥n ko l√†m ƒÉn ƒë∆∞·ª£c g√¨,1,False,tunghatt,M·ªü ra b·ªã ƒë√≥ng lu√¥n
10,2020-09-29 13:58:46,Kh√¥ng ho·∫°t ƒë·ªông tr√™n ios 14. Qu√° ch√°n cho c√°i app c·ªßa ng√¢n h√†ng Top Vi·ªát nam,1,False,khachHN,App c√πi
11,2020-01-17 16:13:21,T·ª± √Ω phong to·∫£ t√†i s·∫£n d√¢n. Ch√≥ ƒë·∫ª.  Ng√¢n h√†ng t·ªá h·∫°i nh·∫•t Vi·ªát Nam.  T·∫©y chay,1,False,phuc nguyen nguyen,T·ª± √Ω phong to·∫£ t√†i s·∫£n d√¢n. Ch√≥ ƒë·∫ª.  Ng√¢n h√†ng t·ªá h·∫°i nh·∫•t Vi·ªát Nam
12,2022-09-17 03:41:30,Ko m·ªü ƒëc ·ª©ng d·ª•ng tr√™n ios 16,3,False,Thanhnx1911,B·ªã l·ªói v·ªõi ios 16
13,2022-11-15 02:20:36,"T√¥i kh√¥ng c·∫ßn smart otp 
T√¥i c·∫ßn g·ª≠i qua sms 
V√¨ smart tm c·ªßa m·∫•y ng∆∞·ªùi qu√° t·ªá. Kh√¥ng b·∫£o m·∫≠t g√¨ c·∫£",1,False,lucky vƒÉn,ƒêi l√πi
14,2022-09-26 13:14:37,App t·ª± tho√°t khi b·∫≠t tr√™n iPhone 14 pro os 16.0.1,1,False,TrungVP,Crash tr√™n iPhone 14 pro
15,2022-09-15 03:46:09,"Kh√¥ng d√πng ƒë∆∞·ª£c khi iphone l√™n ios16, pls update asap",3,False,Hakase87,Kh√¥ng t∆∞∆°ng th√≠ch v·ªõi ios16
16,2022-09-15 03:35:35,"Kh√¥ng v√†o ƒë∆∞·ª£c khi update ios 16, mong v√° l·ªói ƒë·ªÉ kh√°ch h√†ng c√≤n s·ª≠ d·ª•ng",2,False,ph·ª•ng 12,L·ªói
17,2022-09-13 12:39:30,L√™n iOS 16 xong l√† kh√¥ng x√†i ƒë∆∞·ª£c; c·∫≠p nh·∫≠t qu√° ch·∫≠m cho app n√†y,2,False,Tin∆°,L√™n ios 15 xong l√† kh√¥ng x√†i ƒë∆∞·ª£c; c·∫≠p Nh·∫≠t qu√° k√©m cho app
18,2022-09-13 18:21:06,Kh√¥ng th·ªÉ m·ªü ƒë∆∞·ª£c app sau khi update l√™n Ios 16.,1,False,Chimchim2018,Ios 16 error
19,2022-09-13 02:29:04,M√°y l√™n ios16 b·ªã crash. V√¥ l√† vƒÉng kh√¥ng l√†m g√¨ ƒë∆∞·ª£c.,1,False,Jrjeisma neudj,Ios 16 b·ªã crash
20,2022-05-18 03:32:58,App smart otp b·ªã l·ªói v√†o vƒÉng ·ª©ng d·ª•ng ios 15.5 (iphone 13),4,False,VietCV,L·ªói ƒëƒÉng nh·∫≠p ios 15.5 iphone 13
21,2022-09-13 00:40:13,N√¢ng c·∫•p l√™n IOS 16 v√†o app b·ªã vƒÉng ra,3,False,KimThanh Truong,IOS 16 ch∆∞a s·ª≠ d·ª•ng ƒë∆∞·ª£c
22,2022-08-10 13:47:27,"kh√¥ng t√≠ch h·ª£p l√™n c√πng 1 app, ph·∫£i d√πng c√πng l√∫c nhi·ªÅu app ph·ª©c t·∫°p. C·ª© ph·∫£i ra ng√¢n h√†ng k√≠ch ho·∫°t l·∫°i do l·ªói. ƒêi√™n ti·∫øt",1,False,Mindy. huong2018,App d·ªü t·ªá
23,2022-07-28 15:56:37,V√¥ c·ªõ b·∫£o sai pin,1,False,#travelWithFlycam,App qu√° t·ªá
24,2022-07-21 06:11:55,iPhone 13 iOS 15 crash khi m·ªü l·∫•y otp t·ª´ App VCB‚Ä¶ ho√†n to√†n kh√¥ng th·ªÉ th·ª±c hi·ªán ƒë∆∞·ª£c b·∫•t k·ª≥ giao d·ªãch n√†o v·ªõi SmartOTP,1,False,viet90truong,iPhone 13 iOS 15 crash khi m·ªü otp
25,2022-06-25 02:54:30,Psam,1,False,000tango,D·∫πp m·∫•y √°i app ba s√†m c·ªßa vietcombank ƒëi . C√°i m√£ otp ƒë√¢u x√†i m√† kh√¥ng chuy·ªÉn ti·ªÅn ƒë∆∞·ª£c ƒë·ªÉ l√†m g√¨
26,2022-05-28 13:09:13,M√£i k b·∫≠t ƒëc otp. Ch·∫£ c√≥ m√£ n√†o g·ª≠i v·ªÅ ƒëi·ªán tho·∫°i,1,False,dung lau nam vcb,Qu√° k√©m
27,2021-11-09 08:07:07,"Th√¢n thi·ªán, d·ªÖ s·ª≠ d·ª•ng",5,False,t2t_vn,Chung ni·ªÅm tin v·ªØng t∆∞∆°ng lai
28,2022-02-21 05:11:12,Sao kh√¥ng t√≠ch h·ª£p tr√™n c√πng 1 ·ª©ng d·ª•ng? Phi·ªÅn qu√° phi·ªÅn.,1,False,Nick11482959285,Phi·ªÅn
29,2022-02-09 06:54:27,"iPhone 13 Pro Max, iOS 15.3 m√¨nh v√¥ b·ªã crash li√™n t·ª•c ko l√†m g√¨ ƒë∆∞·ª£c c·∫£!",1,False,tanpham90,Update App ƒêi B·∫°n Dev ∆†i
30,2022-02-07 00:51:59,"Tr∆∞·ªõc h·ªá ƒëi·ªÅu h√†nh 15.3 v·∫´n x√†i b√¨nh th∆∞·ªùng, nh∆∞ng t·ª´ khi update l√™n 15.3 l√† app b·ªã vƒÉng, kh√¥ng x√†i ƒë∆∞·ª£c.",1,False,Steve12563142112,C·∫¶N N√ÇNG C·∫§P H·ªñ TR·ª¢ IOS 15.3 NGAY
31,2021-12-22 13:39:18,C·∫ßn ch·ª©c nƒÉng m·ªü kh√≥a b·∫±ng v√¢n tay,2,False,toan4828583,C·∫ßn ch·ª©c nƒÉng m·ªü kh√≥a b·∫±ng v√¢n tay
32,2021-12-10 14:01:35,"qu√™n m·∫≠t kh·∫©u th·∫ª kh√¥ng hay ƒë∆∞·ª£c ngay tr√™n app, c·ª© ph·∫£i ra bank. trong khi ban ƒë√™m ng∆∞·ªùi ta kh√¥ng may qu√™n pass k r√∫t ƒë∆∞·ª£c ti·ªÅn. l·∫°i ph·∫£i ch·ªù ƒë·∫øn ban ng√†y ra bank ƒë·ªÉ xin c·∫•p l·∫°i",2,False,aiqjw,√¥ng vietcom n√†y l√†m ƒÉn c√≤n ch√°n h∆°n c·∫£ √¥ng viettin.
33,2021-11-04 14:54:34,R·∫•t h√†i l√≤ng,5,False,hebiiii,VCB i Love
34,2021-11-04 09:37:22,Tuy·ªát v·ªùi,5,False,ƒêƒÉng_VCBBD,T·ªët
35,2021-11-04 01:47:09,B·∫£o m·∫≠t t·ªët,5,False,HTLTV,B·∫£o m·∫≠t
36,2021-11-03 15:31:17,Ti·ªán l·ª£i. An to√†n b·∫£o m·∫≠t cao,5,False,Mon_Tr√¢m,Smart otp
37,2021-11-01 01:43:15,App ti·ªán l·ª£i,5,False,L∆∞∆°ng Ho√†ng Ng·ªçc Di·ªáp,Rating
38,2021-10-31 16:04:54,Ud t·ªët,5,False,hanh811,T·ªët
39,2021-10-31 16:02:06,"Tin d√πng nhi·ªÅu nƒÉm v√¨ t√≠nh nƒÉng v∆∞·ª£t tr·ªôi, t·ªëc ƒë·ªô.",5,False,ƒë·ªó thi ngoc n·ªØ,Vcb tuy·ªát v·ªùi
40,2021-10-31 05:58:41,1 l·∫ßn chuy·ªÉn l√™n ƒë·∫øn 1 t·ª∑,4,False,Ngochang299,Smart OTP
41,2021-10-31 13:26:34,"App t·ªët b·∫£o m·∫≠t cao, khuy√™n m·ªçi ng∆∞·ªùi n√™n d√πng",5,False,Banhbeovuaphaithoi,App t·ªët
42,2021-10-31 13:17:15,T·ªët,5,False,Phuongit,Vietcombank
43,2021-10-30 15:54:21,Tuy·ªát v·ªùi,4,False,ƒê·ªó Th·ªã D·∫° H∆∞∆°ng,Nx
44,2021-10-31 04:25:57,"Tr·∫£i nghi·ªám tr√™n VCB SmartOTP th·∫≠t tuy·ªát v·ªùi. VCB SmartOTP k·∫øt h·ª£p nhi·ªÅu ti·ªán √≠ch thu·∫≠n l·ª£i cho vi·ªác s·ª≠ d·ª•ng h√†ng ng√†y c·ªßa t√¥i. ƒê·∫∑c bi·ªát, VCB digibank chuy·ªÉn ti·ªÅn trong v√† ngo√†i h·ªá th·ªëng ng√¢n h√†ng ho√†n to√†n MI·ªÑN PH√ç. Vietcombank c√≥ ng√¢n h√†ng ƒêi·ªán t·ª≠ t·ªët nh·∫•t hi·ªán t·∫°i‚Ä¶üòÑüòÑüòÑ",5,False,huyhoangtong,Vietcombank SmartOTP
45,2021-10-31 01:37:43,App d√πng r·∫•t thu·∫≠n ti·ªán. Giao di·ªán app ƒë·∫πp m·∫Øt. R·∫•t h√†i l√≤ng khi s·ª≠ d·ª•ng ·ª©ng d·ª•ng.,5,False,JailMurdoch,App t·ªët.
46,2021-10-31 00:48:44,Ok,5,False,P Hu·∫•n,Ok
47,2021-10-30 14:46:27,Ch∆∞a th·∫•y b·ªã l·ªói l·∫ßn n√†o,5,False,Ng·ªçc H√† Th√°i,Ok
48,2021-10-30 14:36:42,good,5,False,asari lenguyen,üíô
49,2021-10-30 14:33:57,app ok!,5,False,c√™07,ok
50,2021-10-30 14:33:05,app ok!,5,False,b√™09,ok
51,2021-10-30 14:21:36,ƒê∆°n gi·∫£n d·ªÖ d√πng!,5,False,danghongnhung,R·∫•t h√†i l√≤ng!!
52,2021-10-30 11:02:43,"D·ªÖ s·ª≠ d·ª•ng v√† h√†i l√≤ng

Nguy·ªÖn L∆∞u ƒê·∫°t",5,False,Nguyen Luu Dat,VCB smart OTP
53,2021-10-30 08:32:55,R·∫•t an to√†n,5,False,duongthuongbi,B·∫£o m·∫≠t t·ªët
54,2021-10-30 05:45:41,"·ª®ng d·ª•ng t·ªët, d·ªÖ s·ª≠ d·ª•ng",5,False,Tr·∫ßn Th·ªã B√© T√°m,T·ªët
55,2021-10-30 05:05:18,"ƒê∆°n gi·∫£n, d·ªÖ s·ª≠ d·ª•ng!!",5,False,quanghuycht,R·∫•t h√†i l√≤ng!
56,2021-10-30 03:38:02,R·∫•t t·ªët,5,False,M·∫π c·ªßa BinWin,R·∫•t t·ªët
57,2021-10-30 03:27:22,d·ªÖ d√†ng s·ª≠ d·ª•ng,5,False,hien.dinh,r·∫•t h√†i l√≤ng
58,2021-10-30 02:12:16,Tr·∫£i nghi·ªám th√∫ v·ªã c√πng Vietcombank,5,False,Mr Phonglx,Qu√° tuy·ªát v·ªùi !!!
59,2021-10-30 02:03:30,Sp d·ªÖ s·ª≠ d·ª•ng,5,False,sa doan,D√πng t·ªët
60,2021-10-30 01:25:33,R·∫•t th√≠ch giao di·ªán c·ªßa VCB!,5,False,Tranphuong,X√†i ·ªïn
61,2021-10-30 01:24:51,Good Good,5,False,thongdv,·ª®ng d·ª•ng tuy·ªát v·ªùi
62,2021-10-29 16:20:07,"App d·ªÖ d√πng, an to√†n",5,False,Dung Ki√™n,R·∫•t h√†i l√≤ng
63,2021-10-29 16:11:53,"Thu·∫≠n ti·ªán, ƒë·ªÉ s·ª≠ d·ª•ng",5,False,c√¥ v·ªÅ h∆∞u,Good
64,2021-10-29 16:06:24,"Giao di·ªán ƒë·∫πp, b·∫£o m·∫≠t cao",5,False,Tuyen254,5‚≠êÔ∏è
65,2021-10-29 16:02:23,"Giao di·ªán d·ªÖ s·ª≠ d·ª•ng, an to√†n",5,False,Tuyen BL,"App ti·ªán l·ª£i, an to√†n"
66,2021-10-29 15:57:56,B·∫£o m·∫≠t,5,False,Quan VN487603,5‚≠êÔ∏è
67,2021-10-29 15:51:37,Good,5,False,uuhvfrtesbnkkllooooo,T·ªët
68,2021-10-29 15:37:54,Good,5,False,manvcb,Mr
69,2021-10-29 15:21:22,Nice experiences,5,False,Jessica_Huyen_Ho,üëçüëçüëç
70,2021-10-29 15:28:28,T·ªët,1,False,√¢nn2019,L√™ Vuc
71,2021-10-29 15:12:23,"- Giao di·ªán d·ªÖ s·ª≠ d·ª•ng, m√†u s·∫Øc ƒë·∫πp",5,False,mieunoi123,ƒê√°nh gi√° App VCB
72,2021-10-29 14:56:31,We love VCBüíö,5,False,tophands8989,Khoa m√¨
73,2021-10-29 14:54:56,Good,5,False,Bao ha 2013,App x√†i t·ªët
74,2021-10-29 14:43:48,"App ok, x√†i nhanh v√† ti·ªán hi·ªáu qu·∫£ d·ªÖ s·ª≠ d·ª•ng",5,False,Nguy·ªÖn ƒê·ª©c Tu·∫•n CT,App t·ªët
75,2021-10-29 14:27:02,"App thi·∫øt k·∫ø t·ªët, ch·∫°y ·ªïn ƒë·ªãnh. R·∫•t y√™n t√¢m v·ªõi t√≠nh nƒÉng b·∫£o m·∫≠t c·ªßa app Vietcombank Smart OTP",5,False,Uiuiuiui123321,M·ªôt app h·ªØu √≠ch cho ng∆∞·ªùi d√πng Vietcombank
76,2021-10-29 13:52:49,"V·ªõi smart otp, y√™n t√¢m chuy·ªÉn kho·∫£n, s·ª≠ d·ª•ng cac d·ªãch v·ª• online c·ªßa VCB.",5,False,KWorld.IO,An to√†n
77,2021-10-29 13:37:29,"T√≠nh nƒÉng b·∫£o m·∫≠t t·ªët, an to√†n, y√™n t√¢m khi s·ª≠ d·ª•ng d·ªãch v·ª•.",5,False,p1nktran,B·∫£o m·∫≠t t·ªët
78,2021-10-29 13:17:49,üëçüèª,5,False,Tr√∫c 123,Qu√° tuy·ªát v·ªùi
79,2021-10-29 12:53:15,Tr√™n c·∫£ s·ª± tuy·ªát v·ªùi,5,False,TranthingocAnh,Smart otp
80,2021-10-29 10:21:20,App n√†y chuy·ªÉn ti·ªÅn ƒëc 1 t·ª∑ 1 ng√†y,5,False,Tr·ªãnh √Åi Loan,Khen ng·ª£i
81,2021-10-29 06:03:54,"An to√†n b·∫£o m·∫≠t, giao di·ªán ƒë·∫πp d·ªÖ s·ª≠ d·ª•ng üëçüëçüëçüëçüëç",5,False,PiiL451,"An to√†n b·∫£o m·∫≠t, d·ªÖ s·ª≠ d·ª•ng"
82,2021-10-29 05:23:49,D·ªÖ s·ª≠ d·ª•ng. C·∫£m th·∫•y an to√†n khi ƒë∆∞·ª£c g·ª≠i m√£ x√°c th·ª±c ƒë·ªÉ x√°c nh·∫≠n c√°c giao d·ªãch.,5,False,thuccard,H√†i l√≤ng
83,2021-10-29 05:09:29,"App ch·∫°y m∆∞·ª£t, b·∫£o m·∫≠t th√¥ng tin kh√°ch h√†ng t·ªët",5,False,sylviatrinh182,D√πng ·ªïn
84,2021-10-29 04:51:55,"·ª®ng d·ª•ng r·∫•t th√¢n thi·ªán, d·ªÖ s·ª≠ d·ª•ng",5,False,dinhcaoso1,Good
85,2021-10-29 04:12:37,"B·∫£o m·∫≠t t·ªët, nhanh",5,False,buithinhuai,App thanh to√°n online
86,2021-10-29 03:04:29,Tuy·ªát v·ªùi,5,False,Nhamapqua,VCB
87,2021-10-29 02:22:16,App mi·ªÖn ph√≠ v√† ƒë·∫πp,5,False,ngale19,5 sao
88,2021-10-29 01:16:04,"App ·ªïn, ti·ªán d·ª•ng",5,False,rua con 89,·ªîn
89,2021-10-29 00:22:47,"·ª®ng d·ª•ng ti·ªán √≠ch, nhanh ch√≥ng",5,False,Ng L√™,Ti·ªán √≠ch
90,2021-10-29 00:18:04,Tuy·ªát v·ªùi trong DV,5,False,bin from vietnam,Vcb PGD c·ªông ho√†
91,2021-10-28 23:11:13,"·ª®ng d·ª•ng nhanh ch√≥ng, ti·ªán l·ª£i",5,False,phsubin,Good
92,2021-10-28 23:10:26,R·∫•t h√†i l√≤ng v·ªõi app,5,False,Luot Nguyen,ƒê√°nh gi√° app
93,2021-10-28 16:04:50,Kh√° hay v√† ph√π h·ª£p v·ªõi m·ªçi ng∆∞·ªùi,5,False,quangdvtn,Vcb
94,2021-10-28 15:45:37,"App ti·ªán l·ª£i, d·ªÖ x√†i",5,False,ngtkngan93,Tuy·ªát v·ªùi
95,2021-10-28 15:40:47,Th·∫≠t tuy·ªát v·ªùi ü•∞,5,False,Summer 1993,·ª®ng d·ª•ng
96,2021-10-28 14:25:33,Useful,5,False,phuong Bim,Vcb otp
97,2021-10-28 14:01:29,Useful,5,False,Bim_Celano,Vietcombank OTP
98,2021-10-28 13:40:57,App d√πng r·∫•t t·ªët,5,False,th·ªã G√°i 123,T·ªët
99,2021-10-28 13:14:15,G·ªüi b·∫°n 5 sao,5,False,Trungvcb,Rating Smart OTP VCB
100,2021-10-28 13:05:46,Tuy·ªát v·ªùi,5,False,Thaomapdakglei,Tuy·ªát v·ªùi
101,2021-10-28 12:51:21,B·∫£o m·∫≠t tuy·ªát ƒë·ªëi. N√™n d√πng,5,False,ga rung 007,Ho√†ng Qu·ªëc Phong
102,2021-10-28 11:11:22,Ti·ªán l·ª£i,5,False,CamHaVCB,Ti·ªán l·ª£i
103,2021-10-28 10:25:53,ƒë∆°n gi·∫£n d·ªÖ hi·ªÉu,5,False,huy.phuong,r·∫•t h√†i l√≤ng
104,2021-10-28 09:14:55,"M√†n h√¨nh r√µ r√†ng, d·ªÖ thao t√°c, nhi·ªÅu ti·ªán √≠ch, chuy·ªÉn kho·∫£n nhanh",5,False,PHAN NG·ªåC TRANG,Nh·∫≠n x√©t
105,2021-10-28 09:12:51,Good app and useful,5,False,me cua Nghe O,Vietcombank app
106,2021-10-28 08:18:31,·ª®ng d·ª•ng hay,5,False,ldnghi,Like
107,2021-10-28 08:10:04,Tr·∫£i nghi·ªám v·ªõi VCB Smart OTP m·ªõi th·∫≠t tuy·ªát v·ªùi!,5,False,vcbnhp,"Thu·∫≠n l·ª£i, nhanh ch√≥ng v√† b·∫£o m·∫≠t cao."
108,2021-10-28 08:07:42,An to√†n v√† b·∫£o m·∫≠t cao,5,False,canh tieu thanh,Nh·∫≠n x√©t
109,2021-10-28 07:48:13,Giao di·ªán th√¢n thi·ªán,5,False,Pham Thi Thu Thao,Giao di·ªán
110,2021-10-28 05:55:17,R·∫•t t·ªët,5,False,bohuy2811,T·ªët
111,2021-10-28 04:03:15,R·∫•t h√†i l√≤ng,5,False,nhlong.vcbpt,Nh·∫≠n x√©t
112,2021-10-28 01:18:34,T·ªët,5,False,Be C∆°,Vcb
113,2021-10-28 01:15:56,"App ch·∫°y ·ªïn ƒë·ªãnh, m∆∞·ª£t m√†, giao di·ªán th√¢n thi·ªán v·ªõi ng∆∞·ªùi d√πng",5,False,KkkXuyen,·ªîn ƒë·ªãnh
114,2021-10-27 22:11:47,"Wow, h·∫°n m·ª©c giao d·ªãch 1 t·ª∑ ƒë·ªìng/giao d·ªãch/ng√†y cho kh√°ch h√†ng c√° nh√¢n th√¥ng th∆∞·ªùng v√† 03 t·ª∑ ƒë·ªìng/gd/ng√†y cho kh√°ch h√†ng ∆∞u ti√™n! Tuy·ªát v·ªùi!",5,False,PM Thanh Th·∫£o,·ª®ng d·ª•ng Vietcombank smart OTP tƒÉng c∆∞·ªùng b·∫£o m·∫≠t
115,2021-10-27 15:38:56,H√†i l√≤ng,5,False,supermen84,5sao
116,2021-10-27 10:43:26,"·ª®ng d·ª•ng si√™u an to√†n, si√™u ti·ªán √≠ch ‚ù§Ô∏è",5,False,Phuong Nguyen 087,VCB Smart OTP
117,2021-10-27 09:46:14,Nice,5,False,Oanh T√¥m,Nice
118,2021-10-27 08:55:57,"D√πng t·ªët, ch·∫•t l∆∞·ª£ng, nhanh ch√≥ng",5,False,LNTNgan,Vcb SmartOTP
119,2021-10-27 08:54:14,An to√†n b·∫£o m·∫≠t v√† l·∫°i d·ªÖ s·ª≠ d·ª•ng,5,False,muymuy.,Great
120,2021-10-27 02:57:31,"An to√†n, b·∫£o m·∫≠t",5,False,tttthao2,Ok
121,2021-10-26 20:23:35,App c√≥ giao di·ªán d·ªÖ thao t√°c- d·ªãch v·ª• nhanh- chu·∫©n.,5,False,H∆∞∆°ng Gi√°ng,Nhanh chu·∫©n
122,2021-10-25 13:21:34,"D·ªãch v·ª• nhanh, chu·∫©n",5,False,cafe yumi,Good
123,2021-10-25 06:09:28,"Tn nh·∫Øn nhanh, c·∫≠p nh·∫≠t k·ªãp th·ªùi bi·∫øn ƒë·ªông t√†i kho·∫£n v√† ƒë·∫£m b·∫£o an to√†n cho kh√°ch h√†ng.",5,False,nqanh2,Tuy·ªát v·ªùi
124,2021-10-25 05:26:13,"tuy·ªát v·ªùi , an to√†n",5,False,Ng·ªçc Ng·ªçc 123,·ª©ng d·ª•ng smartotp
125,2021-10-25 05:05:17,X·ªãn,5,False,lucatran,X·ªãn x·ªãn
126,2021-10-24 15:02:48,Giao di·ªán th√¢n thi·ªán,5,False,Nga2303,S·ª≠ d·ª•ng t·ªët
127,2021-10-23 13:56:41,App hi·ªán ƒë·∫°i d·ªÖ s·ª≠ d·ª•ng,5,False,Tr·∫ßn ƒê·ª©c Th√†nh B,S·ª≠ d·ª•ng ti·ªán √≠ch
128,2021-10-23 11:56:13,Good,5,False,HoaPhan12,Vcb
129,2021-10-23 01:43:05,R·∫•t t·ªët,5,False,Onggia562,T·ªët
130,2021-10-23 01:35:18,"Giao di·ªán ƒë·∫πp m·∫Øt, d·ªÖ nh√¨n, chuy·ªÉn ti·ªÅn nhanh, nhi·ªÅu t√≠nh nƒÉng, ti·ªán √≠ch ƒëa d·∫°ng.",5,False,Bhxh nt,T√¥i r·∫•t h√†i l√≤ng v·ªõi ·ª©ng d·ª•ng
131,2021-10-22 23:27:03,"R·∫•t ti·ªán cho vi·ªác KH ƒëi xa kh√¥ng trong l√£nh th·ªï Vi·ªát Nam, mi·ªÖn ph√≠, an to√†n.",5,False,HuynhAnhChi,Ti·ªán l·ª£i
132,2021-10-22 22:23:05,Good,5,False,Thieu My Khanh,VCB Smart OTP
133,2021-10-22 07:58:12,"an to√†n, ti·ªán l·ª£i.",5,False,bichpn,Tuy·ªát v·ªùi
134,2021-10-22 04:15:19,"M√¨nh r·∫•t th√≠ch x√†i ·ª©ng d·ª•ng Vietcombank Smart OTP, ·ª©ng d·ª•ng ƒë·∫πp m·∫Øt, d·ªÖ d√πng, ti·ªán l·ª£i.",5,False,Tran Ai My 1987,·ª®ng d·ª•ng ti·ªán l·ª£i
135,2021-10-22 04:11:39,"Giao di·ªán ƒë·∫πp m·∫Øt, si√™u ti·ªán l·ª£i",5,False,Kent@2016,T√¥i r·∫•t h√†i l√≤ng v·ªõi ·ª©ng d·ª•ng
136,2021-10-21 14:01:53,"Ng√¢n h√†ng ƒëi·ªán t·ª≠ nhanh, ti·ªán l·ª£i, ch√≠nh x√°c.",5,False,l√™ ki√™m huy,Vcb
137,2021-10-21 11:31:22,Tuyet voi,5,False,ngoc nguyen quang tri,Nhanh chong
138,2021-10-21 11:04:57,"·ª®ng d·ª•ng ƒëa ti·ªán l·ª£i, ƒë·∫£m b·∫£o an to√†n. üòçüòçüòç",5,False,Suky_N,Vietcombank smart otp
139,2021-10-21 09:33:04,Tuy·ªát v·ªùi,5,False,Nguy·ªÖnx Thanh T√∫,VCB
140,2021-10-21 07:36:51,Th·∫≠t l√† hay!,5,False,Duc Ngo Minh,Otp
141,2021-10-21 06:45:43,"Nhanh, nh·∫π, m∆∞·ª£t m√†, ƒëoen gi·∫£n, d·ªÖ s·ª≠ d·ª•ng, ti·ªán l·ª£i",5,False,nmquannnn,√öng d·ª•ng t·ªët
142,2021-10-21 05:57:00,R·∫•t t·ªët,5,False,Nguy·ªÖn Th·ªã B,ƒê√°nh gi√°
143,2021-10-21 05:16:32,B·∫£o m·∫≠t th√¥ng tin,5,False,Chieuvan6979,Vcb Smart OTP
144,2021-10-21 04:10:20,C√≥ t√≠nh b·∫£o m·∫≠t cao,5,False,thuyln,·ª®ng d·ª•ng tuy·ªát v·ªùi
145,2021-10-21 02:03:57,D√πng tuy·ªát l·∫Øm,5,False,Yenxao1982,VCB
146,2021-10-20 12:24:07,"Giao di·ªán th√¢n thi·ªán, ·ª©ng d·ª•ng th√¥ng minh",5,False,quangdanhlc,Tin d√πng
147,2021-10-20 10:55:39,"·ª®ng d·ª•ng tuy·ªát v·ªùi, mong vcb s·∫Ω ra m·∫Øt th√™m nhi·ªÅu ·ª©ng d·ª•ng tuy·ªát n·ªØa",5,False,Dongthutrang,Vcb smart OTP
148,2021-10-20 09:42:02,·ª©ng d·ª•ng ch·∫°y ·ªïn ƒë·ªãnh,5,False,TuanNM5,Tuy·ªát v·ªùi
149,2021-10-20 09:27:16,"·ªîn,h·ªó tr·ª£ ng∆∞·ªùi d√πng.",5,False,qlnuyen,Vcb tuy·ªát v·ªùi
150,2021-10-20 09:23:16,"·ª®ng d·ª•ng thu·∫≠n ti·ªán, d·ªÖ s·ª≠ d·ª•ng. Giao di·ªán ∆∞a nh√¨n",5,False,Ngoc0587,Vietcombank tuy·ªát v·ªùi
151,2021-10-20 09:16:23,Tr·∫£i nghi·ªám tuy·ªát v·ªùi,5,False,QLNMD,Xu·∫•t s·∫Øc
152,2021-10-20 07:17:37,B·∫£o m·∫≠t cao.,5,False,Th√¥ng - Nguy·ªÖn,Vietcombank Smart OTP
153,2021-10-20 06:28:35,"Ti·ªán √≠ch , d·ªÖ thao t√°c",5,False,D·ªÅ qu·∫°o,Nh·∫≠n x√©t
154,2021-10-20 06:17:56,Giao dien tre trung,5,False,hai da bong hay,Vcb
155,2021-10-20 06:11:03,Th·∫≠t l√† hay!,5,False,Nguyen Kim Tuyen,Otp
156,2021-10-20 01:28:04,"Tien loi, nhanh ch√≥ng, an toan",5,False,mannhan,Vcbpay 1
157,2021-10-20 00:02:33,D·ªÖ s·ª≠ d·ª•ng. T√≠nh nƒÉng v∆∞·ª£t tr·ªôi,5,False,t√¢nmai,Vcb Smartotp
158,2021-10-19 15:20:33,"Giao di·ªán ƒë·∫πp, ti·ªán l·ª£i, d·ªÖ d√†ng s·ª≠ d·ª•ng. Khi ƒëƒÉng k√Ω g√≥i t√†i kho·∫£n ƒë∆∞·ª£c mi·ªÖn ph√≠ nhi·ªÅu d·ªãch v·ª•, th·∫≠t tuy·ªát",5,False,linhvymy,Digital vietcombank
159,2021-10-19 12:55:59,T·ªët,5,False,thuy dang thi thu,T·ªët
160,2021-10-19 10:56:10,"An to√†n, b·∫£o m·∫≠t t·ªët",5,False,DKBDU,Smart Otp
161,2021-10-19 08:51:51,Tuy·ªát,5,False,tranglinhbap,Tuy·ªát
162,2021-10-19 07:31:50,T·ªët,5,False,Riri891015,T·ªët
163,2021-10-19 07:28:38,T·ªët,5,False,albertadoreeeeeee,Thao t√°c d·ªÖ d√†ng
164,2021-10-19 07:22:29,"Hi·ªán ƒë·∫°i, d·ªÖ d√πng, nhanh, thu·∫≠n ti·ªán",5,False,VCBILU,VCBILU
165,2021-10-19 07:08:01,Tuy·ªát v·ªùi,5,False,Ng√¥ Th·ªã Thu·ª≥ Trang,S·ª≠ d·ª•ng tuy·ªát v∆°i
166,2021-10-19 07:06:56,"Giao di·ªán ƒë·∫πp, nhi·ªÅu ti·ªán √≠ch, d·ªÖ s·ª≠ d·ª•ng",5,False,TrangNhilc,Lu√¥n ·ªßng h·ªô vcb
167,2021-10-19 06:40:20,Tuy·ªát,5,False,ƒê.T.M.H∆∞∆°ng,Tuy·ªát
168,2021-10-19 06:06:55,Th·∫•y app d√πng ƒë∆∞·ª£c cho c·∫£ c√° nh√¢n v√† c√¥ng ty. Kh√¥ng c·∫ßn c√†i th√™m app kh√°c. Kh√° t·ªët,5,False,JUNGKOOKIE BRO,App d√πng cho c√° nh√¢n v√† c√¥ng ty. T·ªët
169,2021-10-19 05:13:28,Tuy·ªát v·ªùi,5,False,B√≠ch Th·∫£o dvtc dnai,Vcb smart otp
170,2021-10-19 04:47:26,"Ap vietcombank c√¥ng nh·∫≠n d·ªÖ d√πng giao di·ªán ƒë·∫πp d·ªÖ nh√¨n,b√¢y gi·ªù c√≤n c·∫≠p nh·∫≠t th√™m g√≥i TK chuy·ªÉn kho·∫£n kh√¥ng m·∫•t ph√≠ qu√° ti·ªán lu√¥n",5,False,bibabibo1009,Ap d·ªÖ d√πng giao di·ªán ƒë·∫πp
171,2021-10-19 03:20:48,·ª®ng d·ª•ng tuy·ªát v·ªùi,5,False,HoaLannmmnn,B√¨nh ch·ªçn vcb
172,2021-10-19 03:19:39,Tot,5,False,·∫ªtyyuu,Thai ph·∫°m ho√†ng
173,2021-10-19 01:51:51,T√¥i r·∫•t h√†i l√≤ng v·ªÅ ·ª©ng d·ª•ng,5,False,üñçüîç,T√¥i r·∫•t h√†i l√≤ng v·ªÅ ·ª©ng d·ª•ng
174,2021-10-19 02:31:53,D·ªãch v·ª• t·ªët,2,False,Dothaovy,Vcb so 1
175,2021-10-19 01:49:02,T·ªët,5,False,hoavh089,Good
176,2021-10-19 01:47:21,"Giao di·ªán ƒë·∫πp, tr·∫ª trung. Ph√π h·ª£p vs xu h∆∞·ªõng hi·ªán nay",5,False,nhannc1,App ng√¢n h√†ng t·ªët
177,2021-10-19 01:43:27,Tuy·ªát l·∫Øm,5,False,kajanngo,Nh·∫≠t
178,2021-10-19 01:43:09,"App n√†y s·ª≠ d·ª•ng r·∫•t t·ªët, ti·ªán l·ª£i, an to√†n, nganh ch√≥ng, ƒëa d·∫°ng s·∫£n ph·∫©m d·ªãch v·ª•,...",5,False,Nguyen Thai Minh Quang,Vietcombank Smart Otp
179,2021-10-19 01:34:37,S·ª≠ d·ª•ng t·ªët,5,False,L√™ T·∫•t Di·ªáu Li√™n,T·ªët
180,2021-10-19 01:33:05,Tuy·ªát v·ªùi,5,False,Dyndyn181,Tuy·ªát v·ªùi
181,2021-10-19 01:28:49,"Giao di·ªán ƒë·∫πp, th√¢n thi·ªán ng∆∞·ªùi s·ª≠ d·ª•ng",5,False,vcb5355,VCB smart OTP
182,2021-10-19 01:27:08,Gia tƒÉng t√≠nh b·∫£o m·∫≠t khi th·ª±c hi·ªán chuy·ªÉn ti·ªÅn,5,False,MrDee VHT,TƒÉng t√≠nh b·∫£o m·∫≠t
183,2021-10-19 01:19:45,"·ª®ng d·ª•ng t·ªët, thu·∫≠n ti·ªán cho ng∆∞·ªùi d√πng",5,False,soiconttqt,Tuy·ªát v·ªùi
184,2021-10-19 01:13:34,Ho√†n to√†n an t√¢m,5,False,van@56789,Otp VCB
185,2021-10-19 01:10:45,"App hay, ti·ªán l·ª£i, b·∫£o m·∫≠t t·ªët",5,False,dtmchau,Ti·ªán l·ª£i
186,2021-10-19 01:10:18,"B·∫£n c·∫≠p nh·∫≠t kh·∫Øc ph·ª•c ƒë∆∞·ª£c m·ªôt s·ªë nh∆∞·ª£c ƒëi·ªÉm c·ªßa phi√™n b·∫£n tr∆∞·ªõc.
ƒê√¢y l√† m·ªôt b∆∞·ªõc b·∫£o m·∫≠t r·∫•t quan tr·ªçng ƒë·ªÉ ƒë·∫£m b·∫£o an to√†n cho ch·ªß t√†i kho·∫£n, n·∫øu s·ª≠ d·ª•ng th∆∞·ªùng xuy√™n s·∫Ω quen thao t√°c v√† c·∫£m th·∫•y d·ªÖ d√†ng s·ª≠ d·ª•ng. 
M·ªçi ng∆∞·ªùi n√™n th·ª≠ tr·∫£i nghi·ªám ƒë·ªÉ y√™n t√¢m th·ª±c hi·ªán nh·ªØng giao d·ªãch online.",5,False,TTKCHI,Ng∆∞·ªùi d√πng
187,2021-10-19 01:09:28,S·ª≠ d·ª•ng smart OTP r·∫•t an to√†n,5,False,Trinh22264,Tr√™n c·∫£ tuy·ªát v·ªùi
188,2021-10-19 01:04:23,Vcb nhanh ch√≥ng ti·ªán l·ª£i,5,False,Tututrinhj,Vietcombank
189,2021-10-19 01:04:19,"An to√†n b·∫£o m·∫≠t, nhanh ti·ªán l·ª£i",5,False,luu thu hoai,Vietcombank smart otp
190,2021-10-19 01:02:28,T√≠nh b·∫£o m·∫≠t cao,5,False,Ti√™nVcb@Ti√™n,VCB Smart OTP
191,2021-10-19 01:01:12,Ti·ªán l·ª£i,5,False,Meomeo mimi,R·∫•t tuy·ªát
192,2021-10-19 01:00:24,"App d√πng m∆∞·ª£t, b·∫£o m·∫≠t t·ªët",5,False,Kimhoa12345678912041998,Good
193,2021-10-19 00:58:37,"T√¥i ƒë√£, ƒëang v√† s·∫Ω m√£i ·ªßng h·ªô Vietcombank!!!",5,False,CHERRY HO 12,Vietcombank No. 1
194,2021-10-19 00:52:51,Hay gh√™!,5,False,Tran Minh Dai Long,OTP
195,2021-10-19 00:55:46,Ch·∫•t l∆∞·ª£ng v√† ·ªïn ƒë·ªãnh,2,False,Dinh Thu Nguyet,Vcb otp
196,2021-10-19 00:45:17,V√¥ c√πng ti·ªán l·ª£i,5,False,snksfkdkjskxmxmfmd,Vcb smart otp vcb
197,2021-10-18 16:18:29,B·∫£o m·∫≠t t·ªët,5,False,KAssvsnc,B·∫£o m·∫≠t t·ªët
198,2021-10-18 15:00:05,X·ª≠ l√Ω nhanh v√† ti·ªán l·ª£i,5,False,Ng√¢n TTK,X·ª≠ l√Ω nhanh
199,2021-10-18 14:58:32,B·∫£o m·∫≠tü•∞ü•∞ü•∞,5,False,Pgd HƒêV - CN ƒê·ªìng Nai,SmartOTP
200,2021-10-18 14:30:09,Nhanh kh√¥ng t∆∞·ªüng,5,False,sieu meo tran,App d·ªÖ s·ª≠ d·ª•ng
201,2021-10-18 14:20:48,"B·∫£o m·∫≠t, an to√†n, nhanh ch√≥ng, ti·ªán √≠ch",5,False,OanhMona,VCB SMART OTP
202,2021-10-18 14:16:29,Qu√° chu·∫©n qu√° an to√†n,5,False,Y√™u NH s·ªë,PTXT
203,2021-10-18 13:47:00,Tr·∫£i nghi·ªám tuy·ªát v·ªùi,5,False,M·∫°c Th·ªã M∆∞·ªùi,Vietcombank Smart Otp
204,2021-10-18 13:46:14,·ª®ng d·ª•ng c√≥ t√≠nh b·∫£o m·∫≠t r·∫•t cao,5,False,AUSTSQK,Tuy·ªát v·ªùi
205,2021-10-18 13:31:30,·ª®ng d·ª•ng r·∫•t h·ªØu √≠ch cho mn,5,False,heoconbubam,Vcb smart otp
206,2021-10-18 13:30:32,Ti·ªán d·ª•ng khi c√†i app n√†y!,5,False,BHVHVCB,Ti·ªán d·ª•ng!
207,2021-10-18 12:49:10,Ti·ªán d·ª•ng nhanh ch√≥ng,5,False,MinhNgoccntt,Ti·ªán d·ª•ng
208,2021-10-18 12:48:49,"L√† Ng√¢n h√†ng h√†ng ƒë·∫ßu, t√≠ch c·ª±c ƒë·ªïi m·ªõi, c√°c ·ª©ng d·ª•ng r·∫•t h·ªØu √≠ch v√† ti·ªán d·ª•ng. I ‚ù§Ô∏è VCB",5,False,BCHAU-CK,VCB kh√¥ng ng·ª´ng ph√°t tri·ªÉn
209,2021-10-18 12:29:50,Thu·∫≠n ti·ªán üíñüíñüíñ,5,False,D.Trinh94,Vietcombank smart OTP
210,2021-10-18 12:26:55,Nhanh ch√≥ng- ti·ªán l·ª£i- An to√†n- b·∫£o m·∫≠t. Vietcombank lu√¥n ƒëi ƒë·∫ßu trong c√¥ng ngh·ªá s·ªë. 100 like d√†nh cho c√°c s·∫£n ph·∫©m c·ªßa Vietcombank. Lu√¥n uy t√≠n- ch·∫•t l∆∞·ª£ng üëçüëçüëçüëç,5,False,A.T KHBL,SmartOTP
211,2021-10-18 12:26:44,"Nhanh ch√≥ng, giao di·ªán ƒë·∫πp",5,False,phanthuy18,Tuy·ªát v·ªùi
212,2021-10-18 12:26:23,Good,5,False,yendph.dla,Vcb
213,2021-10-18 12:22:07,"Giao di·ªán ƒë·∫πp, tr·∫ª trung, m∆∞·ª£t v√† d·ªÖ s·ª≠ d·ª•ng; an to√†n b·∫£o m·∫≠t cao. C√†i ƒë·∫∑t giao di·ªán mang d·∫•u ·∫•n c√° nh√¢n. ƒê·∫∑c bi·ªát nhi·ªÅu ti·ªán √≠ch v√† mi·ªÖn ph√≠ nhi·ªÅu d·ªãch v·ª• khi ƒëƒÉng k√Ω g√≥i t√†i kho·∫£n. Lu√¥n lu√¥n tin t∆∞·ªüng s·ª≠ d·ª•ng VCB",5,False,Noen Nguyen,Tin t∆∞·ªüng s·ª≠ d·ª•ng
214,2021-10-18 12:19:49,D·ªãch v·ª• tuy·ªát v·ªùi r·∫•t ƒë√°ng tr·∫£i nghi·ªám,5,False,tuntun29,D·ªãch v·ª• tuy·ªát v·ªùi r·∫•t ƒë√°ng tr·∫£i nghi·ªám
215,2021-10-18 12:19:12,"App r·∫•t ti·ªán l·ª£i, t√¥i r·∫•t th√≠ch s·ª≠ d·ª•ng v√† ·ªßng h·ªô c√°c s·∫£n ph·∫©m c·ªßa VCB",5,False,H·∫°nh Nguy·ªÖn @,T√¥i r·∫•t th√≠ch
216,2021-10-18 12:18:28,·ª®ng d·ª•ng d·ªÖ s·ª≠ d·ª•ng. Ti·ªán √≠ch n√™n c√≥ cho t·∫•t c·∫£ m·ªçi ng∆∞·ªùi üëçüèªüëçüèªüëçüèªüëçüèªüëçüèª,5,False,Mi Nguyen 1006,T·ªët
217,2021-10-18 12:13:09,"App an to√†n, m∆∞·ª£t, m·ªãn mn n√™n s·ª≠ d·ª•ng",5,False,m·ªôt ng∆∞·ªùi y√™u n∆∞·ªõc cho bi·∫øt,R·∫•t h√†i l√≤ng
218,2021-10-18 12:08:04,An to√†n ti·ªán l·ª£i,5,False,Tr√∫c 12,Smart OTP VCB
219,2021-10-18 12:07:02,S·ª≠ d·ª•ng tuy·ªát v·ªùi,5,False,Nhan@123456,vietcombank Smart otp
220,2021-10-18 12:06:15,Qu√° tuy·ªát v·ªùi,5,False,Okvcbok,Tuy·ªát v·ªùi
221,2021-10-18 12:03:19,Best choice,5,False,ntdat2910,Awesome
222,2021-10-18 11:58:30,R·∫•t ok,5,False,tthlinh,OTP
223,2021-10-18 11:57:46,Thao t√°c nhanh. Tin c·∫≠y,5,False,Hanhket,Smart OTP
224,2021-10-18 11:56:52,"S·ª≠ d·ª•ng ti·ªán l·ª£i, an to√†n, t√≠ch h·ª£p nhi·ªÅu t√≠nh nƒÉng",5,False,Hl 2021,T√¥i h√†i l√≤ng v·ªõi ·ª©ng d·ª•ng
225,2021-10-18 11:34:37,"An to√†n, ti·ªán l·ª£i",5,False,Th∆∞ H∆∞∆°ng 261,Ti·ªán l·ª£i
226,2021-10-18 11:34:24,"Giao dien xinh ƒë·∫πp, th√¢n thi·ªán, ƒë∆°n gi·∫£n d·ªÖ s·ª≠ d·ª•ng",5,False,hieupm94,Vietcombank
227,2021-10-18 11:32:48,"Giao di·ªán ƒë·∫πp, ti·ªán l·ª£i, d·ªÖ s·ª≠ d·ª•ng, m·ªçi ng∆∞·ªùi n√™n th·ª≠",5,False,Oanh T√∫ 2808,Vietcombank SmartOTP
228,2021-10-18 11:14:56,Qu√° tuy·ªát lun!,5,False,Ha 12,Vcb Smart otp
229,2021-10-18 11:12:53,·ª®ng d·ª•ng r·∫•t ti·ªán l·ª£i,5,False,Duongnp,·ª®ng d·ª•ng hay
230,2021-10-18 11:09:35,App r·∫•t th√¢n thi·ªán ng∆∞·ªùi d√πng,5,False,VHTIN,VHT 12 92
231,2021-10-18 11:06:58,Good,5,False,Vddieu123,Good
232,2021-10-18 11:02:24,B·∫£o m·∫≠t v√† an to√†n,5,False,Nguy·ªÖn Th·ªã √Ånh Di·ªáp,Smart otp
233,2021-10-18 10:49:10,"SmartOTP an to√†n, ti·ªán √≠ch",5,False,Thuynguyenaki,SmartOTP
234,2021-10-18 10:48:51,Gi·∫£i ph√°p c√¥ng ngh·ªá tuy·ªát v·ªùi,5,False,Trungdb13,App ngon
235,2021-10-18 10:43:24,·ª®ng d·ª•ng t·ªët,5,False,123 ms hai,"An to√†n, ƒë√°ng tin c·∫≠y"
236,2021-10-18 10:39:56,An to√†n b·∫£o m·∫≠t,5,False,cuongt.,T·ªët
237,2021-10-18 10:37:36,"Nhanh, giao d·ªãch an to√†n, b·∫£o m·∫≠t, an t√¢m trong thanh to√°n tr·ª±c tuy·∫øn",5,False,Hai ND6,"Nhi·ªÅu tr·∫£i nghi·ªám, ti·ªán l·ª£i"
238,2021-10-18 10:35:09,"App vietcombank ch·∫°y ·ªïn ƒë·ªãnh, ƒë√°ng tin c·∫≠y",5,False,0988112222,·ªîn
239,2021-10-18 10:28:30,Lu√¥n ·ªßng h·ªô,5,False,Thu·ª≥ Trang PY,"D·ªãch v·ª• t·ªët, lu√¥n c·∫£i ti·∫øn ƒë·ªÉ t·ªët h∆°n, ti·ªán l·ª£i h∆°n"
240,2021-10-14 09:22:20,"·ª®ng d·ª•ng ch·∫°y t·ªët, d·ªÖ s·ª≠ d·ª•ng, giao di·ªán ƒë·∫πp, n√≥i chung r·∫•t t·ªët.",4,False,muoi em,Hiepvv.gla - vcb smart OTP
241,2021-10-18 10:27:32,ƒê√£ s·ª≠ d·ª•ng v√† th·∫•y r·∫•t th√≠ch,5,False,Ngoc Lht,T·ªët! Ti·ªán l·ª£i!
242,2021-10-18 10:24:59,C·∫•p m√£ OTP nhanh,5,False,ƒê·∫≠u Ph·ªông,Tuy·ªát v·ªùi
243,2021-10-18 10:23:26,Secured and convenient.,5,False,Adoneang,Very good
244,2021-10-18 10:21:02,vote ng√†n sao,5,False,M√πa Xu√¢n.,vcb digibank
245,2021-10-18 10:19:49,"TƒÉng t√≠nh b·∫£o m·∫≠t so v·ªõi SMS, ƒê·∫∑c bi·ªát r·∫•t ph√π h·ª£p cho nh·ªØng cai hay ph·∫£i ƒëi c√¥ng t√°c n∆∞·ªõc ngo√†i kh√¥ng c√≥ ƒëk ki·ªán nh·∫≠n tin Sms.",5,False,Code1310,Ti·ªán d·ª•ng
246,2021-10-18 10:16:57,D·ªÖ s·ª≠ d·ª•ng ti·ªán l·ª£i giao di·ªán ƒë·∫πp,5,False,M·ªπ H·∫°nh 0110,·ª®ng d·ª•ng t·ªët
247,2021-10-18 09:23:05,"App tuy·ªát v·ªùi, m·ªçi ng∆∞·ªùi n√™n sdung",5,False,TTKPHUONGKGI,App tuy·ªát v·ªùi
248,2021-10-18 08:24:56,·ª®ng d·ª•ng tuy·ªát v·ªùi,5,False,oanhlebmt,ƒê√°nh gi√°
249,2021-10-18 01:29:03,"·ª®ng d·ª•ng c√≥ t√≠nh b·∫£o m·∫≠t cao, hi·ªán ƒë·∫°i",5,False,Linh273,·ª®ng d·ª•ng c√≥ t√≠nh b·∫£o m·∫≠t cao
250,2021-10-17 13:45:18,"Smartotp ti·ªán l·ª£i cho giao d·ªãch chuy·ªÉn ti·ªÅn l·ªõn, giao d·ªãch ngo√†i l√£nh th·ªï vietnam.",5,False,%#*$¬•,Ti·ªán l·ª£i cho giao d·ªãch l·ªõn
251,2021-10-17 07:35:49,App s·ª≠ d·ª•ng t·ªët,5,False,NQHai,ƒê√°nh gi√°
252,2021-10-17 04:50:27,üëçüëçüëçüëçüëç,5,False,nguy·ªÖn Th·ªã H√† Mi,üëçüëçüëç
253,2021-10-17 03:27:42,B·∫£o m·∫≠t cao,5,False,Cucdabu2506,Good
254,2021-10-15 07:46:15,R·∫•t nhanh v√† thu·∫≠n ti·ªán,5,False,nguyen2726,Excellent
255,2021-10-14 13:47:22,·ª®ng d·ª•ng v·ªõi t√≠nh b·∫£o m·∫≠t cao,5,False,T√¥ Kim Anh 95,·ª®ng d·ª•ng tuy·ªát v·ªùi
256,2021-10-14 13:10:05,D·ªãch v·ª• ok!,5,False,Berry Thanh T√∫,Berry Thanh T√∫
257,2021-10-14 06:31:27,"·ª®ng d·ª•ng h·ªó tr·ª£ t·ªët, ph√π h·ª£p, nhanh",5,False,uyn159,T·ªët
258,2021-10-14 03:14:31,"·ª®ng d·ª•ng t√≠nh b·∫£o m·∫≠t cao, d·ªÖ s·ª≠ d·ª•ng",5,False,Hao xinh,·ª®ng d·ª•ng r·∫•t t·ªët
259,2021-10-14 02:20:02,"Nhanh, ti·ªán l·ª£i, h·∫°n m·ª©c cao",5,False,phuongt9,Smart OTP
260,2021-10-12 14:23:13,Phi√™n b·∫£n m·ªõi ƒë√£ fix m·ªôt s·ªë l·ªói kh√° kh√≥ ch·ªãu khi s·ª≠ d·ª•ng l√∫c tr∆∞·ªõc. Hy v·ªçng s·∫Ω VCB s·∫Ω ti·∫øp t·ª•c n√¢ng c·∫•p v√† c·∫≠p nh·∫≠t ƒë·ªÉ ho√†n thi·ªán ·ª©ng d·ª•ng h∆°n.,4,False,Duy Thai Pham,ƒê√£ l·∫Øng nghe kh√°ch h√†ng
261,2021-10-14 01:18:06,D·ªãch v·ª• Ok.,5,False,6sao@123,Tuy·ªát!
262,2021-10-13 12:07:48,Tr·∫£i nghi·ªám qu√° tuy·ªát v·ªùi,5,False,tinhbantuoitho,Vcb
263,2021-10-13 07:22:07,Vietcombank l√† ni·ªÅm t·ª± h√†o c·ªßa t√¥i,5,False,Th√°i T√¢m*,Vietcombank
264,2021-10-13 07:11:43,"App d√πng m∆∞·ª£t, nh·∫≠n m√£ r·∫•t nhanh",5,False,trang2377,M√£ otp
265,2021-10-13 04:25:41,"Giao di·ªán b·∫Øt m·∫Øt, d·ªÖ s·ª≠ d·ª•ng",5,False,BHDN10,Giao di·ªán ƒë·∫πp m·∫Øt
266,2021-10-13 04:13:47,App nhanh v√† ti·ªán l·ª£i nh·∫•t trong c√°c bank,5,False,meothomheomap,Nhanh
267,2021-10-13 01:54:29,Ti·ªán l·ª£i,5,False,quang8980623,H·ªØu √≠ch
268,2021-10-13 01:43:26,Tuy·ªát v·ªùi,5,False,Sh0210,T·ªët
269,2021-10-13 01:38:28,Ng√¢n h√†ng r·∫•t tuy·ªát v·ªùi,5,False,anhthuy74,Ng√¢n h√†ng t·ªët
270,2021-10-13 01:37:36,Qu√° tuy·ªát v·ªùi!,5,False,anhnu,Kh√¥ng m·∫•t ph√≠ tr·∫£i nghi·ªám nhi·ªÅu d·ªãch v·ª• hay!
271,2021-10-13 01:34:32,Ch·∫•t l∆∞·ª£ng t·ªët,5,False,anhchinh65,Ng√¢n h√†ng h√†ng ƒë·∫ßu
272,2021-10-13 01:33:50,R·∫•t ok,5,False,Kenjys,S·ª≠ d·ª•ng t·ªët
273,2021-10-12 13:17:49,·ª®ng d·ª•ng c√≥ r·∫•t nhi·ªÅu ti·ªán √≠ch v√† s·ª≠ d·ª•ng thu·∫≠n ti·ªán cho ng∆∞·ªùi d√πng.,5,False,Letao5,T√¥i r·∫•t h√†i l√≤ng khi s·ª≠ d·ª•ng ·ª©ng d·ª•ng
274,2021-10-12 12:38:46,·ª®ng d·ª•ng t·ªët,5,False,HDLINH@,Vcb tuy·ªát v·ªùi
275,2021-10-12 11:39:47,Ch·∫•t l∆∞·ª£ng t·ªët,5,False,vcb hung,B√πi Duy H∆∞ng
276,2021-10-12 08:56:56,"Ti·ªán d·ª•ng, b·∫£o m·∫≠t",5,False,Nguy·ªÖn Thu·ª≥ Ninh,K·∫øt n·ªëi t·ªët v·ªõi app digital banking
277,2021-10-12 07:27:41,Qu√° tuy·ªát,5,False,Hoa hau xinh,Tuy·ªát v·ªùi
278,2021-10-12 07:25:59,·ª®ng d·ª•ng tuy·ªát v·ªùi,5,False,th·ªãnh ngo√°c,Vietcombank
279,2021-10-12 06:53:14,"Ti·ªán √≠ch, an to√†n, d·ªÖ d√†ng s·ª≠ d·ª•ng",5,False,Luy·ªán g@,"Ti·ªán √≠ch, an to√†n, d·ªÖ d√†ng s·ª≠ d·ª•ng"
280,2021-10-12 06:40:42,R·∫•t ti·ªán √≠ch !,5,False,Vu Van Phu,Vcb smart otp
281,2021-10-12 06:13:39,"App ·ªïn ƒë·ªãnh, qu√° ok",5,False,P3 Nhung,Very good
282,2021-10-12 05:43:45,Tuy·ªát v·ªùi,5,False,N.T98,App s·ªë 1
283,2021-10-12 02:51:59,r·∫•t t·ªët,5,False,thao1995@,t
284,2021-10-12 02:15:48,·ª©ng d·ª•ng r·∫•t ph√π h·ª£p v·ªõi nhu c·∫ßu giao d·ªãch c·ªßa kh√°ch h√†ng,5,False,Tu·∫•n La H√°n,ƒê√°nh gi√°
285,2021-10-12 01:09:10,Tr√£i nghi·ªám SMARTOTP tuy·ªát v·ªùi!,5,False,Duy An Van,Tuy·ªát v·ªùi
286,2021-10-12 00:59:59,M√¨nh s·ª≠ d·ª•ng t·∫•t c·∫£ c√°c app c·ªßa Vietcombank. Chung quy r·∫•t th√≠ch v√† ti·ªán l·ª£i.,5,False,Nga1908,App ƒë·∫πp
287,2021-10-12 00:41:16,Tuy·ªát v·ªùi,5,False,Khoalhd,VCB Smart OTP
288,2021-10-11 15:58:33,S·ª≠ d·ª•nh d·ªãch v·ª• vcb r·∫•t t·ªët,5,False,nnquynh8,R·∫•t h√†i l√≤ng
289,2021-10-11 15:19:49,"·ª®ng d·ª•ng tuy·ªát v·ªùi, d·ªÖ s·ª≠ d·ª•ng, b·∫£o m·∫≠t t·ªët",5,False,V√¢n-Anh,Tuy·ªát v·ªùi
290,2021-10-11 15:11:49,"D·∫°o n√†y th·∫•y app x√†i ·ªïn, rate 5* nh√©",5,False,truong ba hoc,Mr Vinh
291,2021-10-11 14:45:01,"R·∫•t hay, giao d·ªãnh t·ªët",5,False,Lord DVD,Nh·∫≠n x√©t
292,2021-10-11 14:00:15,"R·∫•t ti·ªán √≠ch, d·ªÖ s·ª≠ d·ª•ng, x·ª≠ l√Ω nhanh",5,False,Tuyenntn.hcm,Nh·∫≠n x√©t:
293,2021-10-11 13:07:56,"App b·∫£o m·∫≠t
D·ªÖ s·ª≠ d·ª•ng",5,False,Duongntt91,An to√†n
294,2021-10-11 11:23:49,M·ªçi ng∆∞·ªùi n√™n t·∫£i v√† s·ª≠ d·ª•ng nh√©!,5,False,Th·ª©c'ss,R·∫•t t·ªët!
295,2021-10-11 09:06:07,·ª®ng d·ª•ng t·ªët,5,False,nf12$$,Hong bui
296,2021-10-11 11:23:09,Tr·∫£i nghi·ªám r·∫•t t·ªët,3,False,Yen moon2,Tuy·ªát v·ªùi
297,2021-10-11 08:38:18,"ƒê∆°n gi·∫£n, ti·ªán √≠ch, d·ªÖ d√†ng s·ª≠ d·ª•ng",5,False,Baokhanh$,T√¥i r·∫•t h√†i l√≤ng
298,2021-10-11 07:51:22,"·ª®ng d·ª•ng si√™u b·∫£o m·∫≠t, r·∫•t c·∫ßn thi·∫øt",5,False,hoavcblinh,R·∫•t an to√†n v√† b·∫£o m·∫≠t
299,2021-10-11 07:28:45,·ª©ng d·ª•ng th√¢n thi·ªán,5,False,gacondanhtran,vcb smart otp
300,2021-10-11 07:11:54,·ª®ng d·ª•ng c≈©ng d·ªÖ d√πng m√† nh·ªâ?,5,False,TRNG93,Vcb
301,2021-10-11 06:44:05,"·ª®ng d·ª•ng ti·ªán l·ª£i, d·ªÖ s·ª≠ d·ª•ng.",5,False,Ph·∫°m Th·ªã T√°m,T√¥i h√†i l√≤ng v·ªõi ·ª©ng d·ª•ng
302,2021-10-11 06:39:56,·ª®ng d·ª•ng ƒë∆°n gi·∫£n d·ªÖ d√πng,5,False,chuloan90,Tuy·ªát v·ªùi
303,2021-10-11 06:38:45,T·ªët,5,False,1992. m√®o,ƒê√°nh gi√°
304,2021-10-11 06:38:37,"·ª®ng d·ª•ng t·ªët, hi·ªáu qu·∫£",5,False,Uyn1410,Good
305,2021-10-11 04:39:21,"S·ª≠ d·ª•ng thu·∫≠n ti·ªán, r·∫•t t·ªët",5,False,Sjjfkf,Vietcombank Smart Otp
306,2021-10-11 04:37:08,Tuy·ªát v·ªùi,5,False,Minhon79,Tuy·ªát v·ªùi
307,2021-10-11 04:09:13,·ª®ng d·ª•ng t·ªët,5,False,suoikim,Good
308,2021-10-11 04:06:27,"C√≥ smart OTP ti·ªán h∆°n SMS OTP r·∫•t nhi·ªÅu, ƒë·ª° t·ªën c√¥ng nh·∫≠p l·∫Øm nh√©",5,False,Sunnysunny1508,App d√πng t·ªët
309,2021-10-11 03:53:52,Tuy·ªát v·ªùi!,5,False,kieuntt.qng,Vcb
310,2021-10-11 03:52:30,An to√†n v√† d·ªÖ s·ª≠ d·ª•ng,5,False,tiennvvcbqng,Vietcombank
311,2021-10-11 03:34:38,"T√¥i r·∫•t y√™u th√≠ch c√°c ·ª©ng d·ª•ng c·ªßa Vietcombank v√¨ giao di·ªán ƒë·∫πp, th√¢n thi·ªán v·ªõi ng∆∞·ªùi d√πng v√† ti·ªán l·ª£i khi s·ª≠ d·ª•ng. C√°c b·∫°n n√™n s·ª≠ d·ª•ng nh√©.",5,False,Ilovevcb,·ª®ng d·ª•ng Smart OTP tuy·ªát v·ªùi
312,2021-10-11 02:51:39,Ch·∫•t l∆∞·ª£ng t·ªët,5,False,∆∞dedrg,T·ªët
313,2021-10-11 02:38:34,‚ù§Ô∏è,5,False,cungnhuquatrung,Good!
314,2021-10-11 02:35:44,Tuy·ªát v·ªùi,5,False,hanhvcbhd,Tuy·ªát v·ªùi
315,2021-10-11 02:23:50,D·ªãch v·ª• n√†y r·∫•t t·ªët v√† ti·ªán l·ª£i!,5,False,khuyennt,VCB smart otp
316,2021-10-11 02:20:44,"Ph·∫ßn m·ªÅm nhanh, ch√≠nh x√°c, thu·∫≠n ti·ªán.
Th·ªß t·ª•c nhanh g·ªçn, d·ªãch v·ª• ph·ª•c v·ª• t·ªët.",5,False,Sophia_XL,Nh·∫≠n x√©t
317,2021-10-11 02:19:22,R·∫•t nhanh v√† ti·ªán l·ª£i.,5,False,H∆∞∆°ngLy21,Nh·∫≠n x√©t d·ªãch v·ª•
318,2021-10-11 02:14:19,Tuyet!,5,False,diemdiep123456,T√¥i r·∫•t h√†i l√≤ng!
319,2021-10-11 02:08:51,·ª®ng d·ª•ng th√¢n thi·ªán v·ªõi kh√°ch h√†ng,5,False,bothoimo,D·ªãch v·ª• vcb t·ªët
320,2021-10-11 02:02:39,b·∫£o m·∫≠t cao,5,False,Huynh Hoa Hong,tuy·ªát v·ªùi
321,2021-10-11 01:52:03,App r·∫•t th√¢n thi·ªán v√† d·ªÖ s·ª≠ d·ª•ng,5,False,Annie _1,"Th√¢n thi·ªán, d·ªÖ s·ª≠ d·ª•ng"
322,2021-10-11 01:48:27,C·∫£m th·∫•y h√†i l√≤ng,5,False,Tr·∫ßn Th·ªã B·∫£o Tr√¢m,VCB smart OTP
323,2021-10-11 01:32:06,Good app,5,False,yenhhhhhh,Good app
324,2021-10-11 01:23:11,Tuy·ªát v·ªùi,5,False,l√™ trang h·∫£i d∆∞∆°ng,Nx
325,2021-10-11 01:18:52,Hi·ªán ƒë·∫°i,5,False,Ta Thi Kieu Oanh,Good
326,2021-10-11 01:05:27,"·ª®ng d·ª•ng tuy·ªát v·ªùi, h·ªØu √≠ch",5,False,C·∫©m T√∫ V√µ,Hay
327,2021-10-11 00:56:27,"An to√†n b·∫£o m·∫≠t, y√™n t√¢m tuy·ªát ƒë·ªëi",5,False,Nguyen Thao 86,Smart OTP
328,2021-10-10 16:42:21,"app d√πng k m·∫•t ph√≠,nhi·ªÅu ti·ªán √≠ch,d·ªÖ s·ª≠ d·ª•ng,t√≠nh b·∫£o m·∫≠t cao",5,False,xm l·ªá,app ch·∫•t l∆∞·ª£ng
329,2021-10-10 15:51:18,R·∫•t ti·ªán d·ª•ng ƒë·ªëi v·ªõi ng∆∞·ªùi d√πng,5,False,Qu·∫ø th√°ng t√°m,R·∫•t ti·ªán d·ª•ng
330,2021-10-10 15:21:48,·ª¶ng h·ªô Vcb,5,False,Maingocle,R·∫•t tuy·ªát!
331,2021-10-10 14:08:13,App hay. Ti·ªán d·ª•ng nh·∫•t trong c√°c app ng√¢n h√†ng t√¥i t·ª´ng d√πng,5,False,calvin vu 511,Hung nguyen
332,2021-10-10 13:53:10,"Chuy·ªÉn ti·ªÅn an to√†n, app th√¥ng minh, d·ªÖ s·ª≠ d·ª•ng. Y√™u VCB",5,False,ghhhgghhhgghghgh,"An to√†n, ti·ªán l·ª£i"
333,2021-10-10 13:22:00,"Giao di·ªán th√¢n thi·ªán, chuy·ªÉn ti·ªÅn nhanh, nhi·ªÅu t√≠nh nƒÉng ti·ªán √≠ch",5,False,tuyetnthi,T√¥i r·∫•t h√†i l√≤ng v·ªõi ·ª©ng d·ª•ng
334,2021-10-10 12:48:22,Ph·∫ßn m·ªÅm h·ªó tr·ª£ an to√†n b·∫£o m·∫≠t cho kh√°ch h√†ng.,5,False,pt2.hiep,Smart OTP an to√†n b·∫£o m·∫≠t
335,2021-10-10 11:49:33,R·∫•t ·ªïn,5,False,tmquyen,5 sao
336,2021-10-10 10:57:02,D·ªÖ s·ª≠ d·ª•ng!!,5,False,Le Huyen Linh,R·∫•t h√†i l√≤ngüëçüëç
337,2021-10-10 10:22:58,D√πng r·∫•t ti·ªán v√† hay,5,False,ducleanh1,App thu·∫≠n ti·ªán
338,2021-10-10 09:51:11,R·∫•t t·ªët ƒë·ªÉ tr√£i nghi·ªám dv,5,False,khong the thieu,ƒê·ªìng h√†nh c√πng KH
339,2021-10-10 09:25:01,t√¥tz,5,False,hieu1908638,t·ªët
340,2021-10-10 03:31:36,D·ªãch v·ª• n√†y t·∫°m ƒë∆∞·ª£c,4,False,thdmccvnhc,ƒë∆∞·ª£c
341,2021-10-10 09:09:25,Excellent app for finance!,5,False,Bich Van Nguyen,Bich Van Nguyen
342,2021-10-10 09:04:21,Rat tot,5,False,nqt7519,Vcb
343,2021-10-10 08:16:57,"·ª®ng d·ª•ng ƒë∆°n gi·∫£n, d·ªÖ s·ª≠ d·ª•ng!!",5,False,quangducxd4,R·∫•t h√†i l√≤ng üëçüëç
344,2021-10-10 08:05:07,Ph·∫ßn m·ªÅm t·ªët,5,False,khicon6819,T·ªët
345,2021-10-10 06:50:22,"An to√†n, ti·ªán l·ª£i, d·ªÖ x·ª≠ d·ª•ng",5,False,ƒê T ƒê,VCB Smart OTP
346,2021-10-10 06:30:21,Toi hai long,5,False,quy ST,Quy st
347,2021-10-10 06:14:57,Giao di·ªán tr·ª±c quan d·ªÖ d√πng,5,False,.Captain.L,S·ª≠ d·ª•ng t·ªët
348,2021-10-10 06:08:35,Dvu t·ªët,5,False,hoa hoa co nuong,Otp
349,2021-10-10 06:02:53,T·ªët,5,False,bentv92,·ª®ng d·ª•ng ti·ªán l·ª£i cho ng∆∞·ªùi d√πng
350,2021-10-10 05:51:31,An to√†n trong thanh to√°n,5,False,Tr·∫ßn PKhang,Ti·ªán l·ª£i khi ·ªü n∆∞·ªõc ngo√†i
351,2021-10-10 05:41:25,1 s·ª± tr·∫£i nghi·ªám tr√™n c·∫£ tuy·ªát v·ªùi,5,False,lyda_tran,T·ªët
352,2021-10-10 05:21:26,M√£i tin d√πng.,5,False,khanhminhbd,·ª®ng d·ª•ng tuy·ªát v·ªùi
353,2021-10-10 05:02:26,"giao di·ªán ƒë·∫πp, d·ªÖ s·ª≠ d·ª•ng , tuy·ªát v·ªùi",5,False,ai lien 1712,vcb smart OTP
354,2021-10-10 03:08:40,·ª®ng d·ª•ng qu√° tuy·ªát v·ªùi,5,False,Tran dinh hiep,Vietcombank
355,2021-10-10 02:39:39,"Giao di·ªán ƒë·∫πp, app d√πng m∆∞·ª£t.",5,False,NTHYEN10,üëç
356,2021-10-10 02:24:50,·ªîn ƒë·ªãnh.,5,False,thtriet,T·ªët
357,2021-10-10 02:22:21,"Ti·ªán d·ª•ng, an to√†n b·∫£o m·∫≠t. R·∫•t tin d·ª•ng d·ªãch v·ª• v√† c√°c ·ª©ng d·ª•ng Vietcombank",5,False,L√¢m H√† H·ªìng Quy√™n,·ª®ng d·ª•ng tuy·ªát v·ªùi
358,2021-10-10 01:41:04,M√¨nh th·∫•y c√°c app c·ªßa VCB hi·ªán t·∫°i ch·∫°y r·∫•t m∆∞·ª£t v√† √≠t b·∫£o tr√¨,5,False,Justsykul,App X√†i ·ªïn
359,2021-10-10 01:33:45,R·∫•t th√≠ch,5,False,mutinhoc,·ª®ng d·ª•ng hay
360,2021-10-09 16:20:14,"ƒê∆°n gi·∫£n, d·ªÖ s·ª≠ d·ª•ng, an to√†n, b·∫£o m·∫≠t",5,False,Thuy Linh Le,Thuy Linh Le
361,2021-10-09 15:48:39,tuy·ªát v·ªùi,5,False,Nguy·ªÖn Th√°i Ninh,Nguy·ªÖn Th√°i Ninh
362,2021-10-09 15:30:26,Ti·ªán l·ª£i an to√†n v√† b·∫£o m·∫≠t,5,False,An B√¨nh 89,Qu√Ω Nguy·ªÖn
363,2021-10-09 15:16:11,R·∫•t h√†i l√≤ng,5,False,Hong Gion,T·ªët
364,2021-10-09 15:10:30,Tr·∫£i nghi·ªám v·ªõi VCB SmartOTP th·∫≠t tuy·ªát v·ªùi,5,False,Tuy·∫øn Ban,S·ª≠ d·ª•ng tuy·ªát v·ªùi
365,2021-10-09 15:03:23,·ª®ng d·ª•ng th·∫≠t h·ªØu √≠ch trong thanh to√°n.,5,False,DHoang1,H·ªØu √≠ch
366,2021-10-09 14:49:34,"Giao di·ªán d·ªÖ d√πng, th√¢n thi·ªán, nhi·ªÅu t√≠nh nƒÉng h·ªØu √≠ch",5,False,Thanh 1310,App Vietcombank
367,2021-10-09 14:41:41,"b·∫£o m·∫≠t cao, ch·∫°y √™m",5,False,hieuvh,tuy·ªát v·ªùi
368,2021-10-09 14:25:58,"Vcb thi·∫øt k·∫ø l√∫c n√†o c≈©ng ƒë·∫πp c≈©ng ƒë·ªânh, app thi·∫øt k·∫ø d·ªÖ d√πng v√† ti·ªán √≠ch",5,False,m·∫Øt h∆∞∆°u bi·ªát x·ª©,App x·ªãn x√≤ giao di·ªán ƒë·∫πp
369,2021-10-09 14:10:13,Qu√° ti·ªán l·ª£i,5,False,Cuong 2808,T·ªët
370,2021-10-09 14:05:08,R·∫•t tuy·ªát,5,False,üëçt·ªët,R·∫•t tuy·ªát
371,2021-10-09 13:59:27,"·ª®ng d·ª•ng th√¢n thi·ªán, d·ªÖ s·ª≠ d·ª•ng",5,False,Phuong Nguyen 1808,T·ªët
372,2021-10-09 13:58:17,"√Åp ƒë·∫πp, chuy√™n nghi·ªáp, d·ªÖ x√†i",5,False,ƒê·∫∑ng Trang 7185,Xu·∫•t s·∫Øc
373,2021-10-09 13:55:16,B·∫£o m·∫≠t t·ªët,5,False,ntqtrang,Tuy·ªát
374,2021-10-09 13:47:33,"C∆° ch·∫ø b·∫£o m·∫≠t t·ªët, ti·ªán nghi!",5,False,tuongdung201984,"T·ªët, r·∫•t OK"
375,2021-10-09 13:35:48,Thu·∫≠n ti·ªán v√† nhanh ch√≥ng,5,False,thu·∫≠n ti·ªán v√† nhanh ch√≥ng.,·ªîn
376,2021-10-09 13:34:00,"D·ªãch v·ª• ng√¢n h√†ng tuy·ªát v·ªùi, ng√¢n h√†ng qu·ªëc d√¢n l√† ƒë√¢y",5,False,Bui Thi Van Anh,Tuy·ªát v·ªùi
377,2021-10-09 13:12:22,Qu√° nhanh,5,False,Sumibellaeric,Tuy·ªát v·ªùi
378,2021-10-09 13:04:54,Lu√¥n h√†i l√≤ng,5,False,vinhnguyen050287,Lu√¥n h√†i l√≤ng
379,2021-10-09 12:46:29,Ap smart otp vcb d·ªÖ s·ª≠ d·ª•ng v√† ƒë·ªô b·∫£o m·∫≠t cao,5,False,Vvvv444,Nh·∫≠n x√©t ap smart
380,2021-10-09 02:11:21,Nh∆∞ng do t√≠nh b·∫£o m·∫≠t n√™n t·∫°m ch·∫•p nh·∫≠n,4,False,Tuong Hoang Neo,C∆° ch·∫ø ho·∫°t ƒë·ªông ph·ª©c t·∫°p
381,2021-10-09 12:46:06,"S·ª≠ d·ª•ng thu·∫≠n l·ª£i, nhanh ch√≥ng",5,False,Ctvpx,5*
382,2021-10-09 11:25:31,·ª®ng d·ª•ng t·ªët b·∫£o m·∫≠t cao üëç,5,False,Cloudydn,Good
383,2021-10-09 10:14:30,"·ª®ng dung t·ªët, d·ªÖ d√πng",5,False,Lord Thanh Nguyen,T·ªëc ƒë·ªô
384,2021-10-09 09:37:29,"G√°c ch√¢n ng·ªß ngon r·ªìi. An to√†n l√† b·∫°n. 
VCB smart otp th√™m 1 l·ªõp c·ª≠a cho t√†i s·∫£n c·ªßa b·∫°n !",5,False,M·ªôc 68,Tuy·ªát
385,2021-10-09 09:24:44,"Giao di·ªán ƒë·∫πp m·∫Øt, d·ªÖ nh√¨n, chuy·ªÉn ti·ªÅn nhanh v√† nhi·ªÅu t√≠nh nƒÉng ti·ªán √≠ch ƒëa d·∫°ng",5,False,NTTT 2021,T√¥i r·∫•t h√†i l√≤ng v·ªõi ·ª©ng d·ª•ng
386,2021-10-09 09:15:24,M√¨nh c·∫£m th·∫•y h√†i l√≤ng v·ªõi ·ª©ng d·ª•ng  n√†y v√¨ n√≥ ƒëem l·∫°i hi·ªáu qu·∫£ cho b·∫£n th√¢n v√† gia ƒë√¨nh c·ªßa m√¨nh. Khuy·∫øn kh√≠ch m·ªçi ng∆∞·ªùi s·ª≠ d·ª•ng nha,5,False,b√° ƒë·∫°t 1976,Tuy·ªát v·ªùi
387,2021-10-09 06:21:30,"Nhanh, ti·ªán l·ª£i, ti·∫øt ki·ªám v√† b·∫£o m·∫≠t",5,False,Mai TNI,An to√†n
388,2021-10-09 06:16:59,"·ª®ng d·ª•ng g·ªçn g√†ng d·ªÖ s·ª≠ d·ª•ng, nhanh, d·ªÖ x√†i",5,False,Lihobu,Smart
389,2021-10-09 04:48:45,R·∫•t tuy·ªát v·ªùi,5,False,Trangnguyen9205,R·∫•t t·ªët
390,2021-10-09 04:41:04,"S·ª≠ d·ª•ng ·ª©ng d·ª•ng n√†y t√¥i th·ª±c s·ª± th·∫•y r·∫•t c·∫ßn thi·∫øt, v√† h·ªØu d·ª•ng.",5,False,Khi√™m ND,·ª®ng d·ª•ng Vietcombank
391,2021-10-09 04:40:08,Gi·∫£i ph√°p b·∫£o v·ªá kh√°ch h√†ng r·∫•t ho√†n h·∫£o c·ªßa VCB.,5,False,NN Th√†nh Vinh,VCB smart OTP b·∫£o m·∫≠t r·∫•t t·ªët
392,2021-10-09 04:25:23,"Giao di·ªán d·ªÖ thao t√°c, ti·ªán l·ª£i",5,False,VioletChippy,D·ªãch v·ª• t·ªët nh·∫•t
393,2021-10-09 03:57:16,B·∫£o m·∫≠t nhanh ch√≥ng ti·ªán l·ª£i,5,False,TrangDang309,B·∫£o m·∫≠t an to√†n
394,2021-10-09 03:45:03,ƒê√°p ·ª©ng ƒë∆∞·ª£c nhu c·∫ßu kH,5,False,kh√°oat,Ch·∫•t l∆∞·ª£ng d·ªãch v·ª•
395,2021-10-09 03:12:50,"T√¥i r·∫•t h√†i l√≤ng v·ªÅ d·ªãch v·ª• c·ªßa ng√¢n h√†ng. Giao di·ªán ƒë·∫πp m·∫Øt, d·ªãch v·ª• ch·∫•t l∆∞·ª£ng",5,False,Tuu Binh,T√¥i r·∫•t h√†i l√≤ng
396,2021-10-09 02:49:04,·ªîn ƒë·ªãnh,5,False,ducnxxx,App t·ªët
397,2021-10-09 02:27:50,·ª©ng d·ª•ng ti·ªán l·ª£i v√† r·∫•t d·ªÖ s·ª≠ d·ª•ng!!!,5,False,huynguyen0409,T√¥i hay s·ª≠ d·ª•ng app n√†y!
398,2021-10-09 02:20:22,Tuyet voi,5,False,Trai nghiem va cam nhan,Trai nghiem va cam nhan
399,2021-10-09 02:08:38,D√πng tuy·ªát v·ªùi,5,False,LTTHUY17,R·∫•t h√†i l√≤ng
400,2021-10-09 02:04:15,"App hay , giao di·ªán ƒë·∫πp, ·ªïn ƒë·ªãnh",5,False,Anh Tuan TN,R·∫•t th√≠ch
401,2021-10-09 01:51:46,"T√¥i d√πng VCB nhi·ªÅu nƒÉm r·ªìi v√† th·∫•y ph·∫ßn m·ªÅm OTP n√†y r·∫•t h·ªØu √≠ch, nh·∫•t l√† d√πng cho c√°c doanh nghi·ªáp, t·ª´ khi d√πng ch∆∞a bao gi·ªù b·ªã l·ªói. N√≥i chung r·∫•t ti·ªán, c√°c doanh nghi·ªáp n√™n d√πng",5,False,bino123112,VCB nhanh ch√≥ng ti·ªán l·ª£i
402,2021-10-09 01:20:32,"R·∫•t ti·ªán l·ª£i khi s·ª≠ d·ª•ng, t·∫°o m√£ OTP nhanh, b·∫£o m·∫≠t t·ªët v√† th√¢n thi·ªán, d·ªÖ d√πng.",5,False,nguyen nhu anh,T√¥i r·∫•t h√†i l√≤ng v·ªõi ·ª©ng d·ª•ng
403,2021-10-09 00:49:33,"R·∫•t nhanh, h·ªØu √≠ch",5,False,v@nloi,"R·∫•t nhanh, h·ªØu √≠ch"
404,2021-10-09 00:28:10,"·ª®ng d·ª•ng n√†y r·∫•t t·ªët, r·∫•t ti·ªán √≠ch v√† d·ªÖ s·ª≠ d·ª•ng, t√¥i r·∫•t th√≠ch.",5,False,Huongnt.hdu,VCB
405,2021-10-08 23:44:44,nh·ªù c√≥ ph·∫ßn m·ªÅm c√≥ th·ªÉ s·ª≠ d·ª•ng vcb m·ªçi n∆°i,5,False,men0th,c∆° ch·∫ø ki·ªÉm so√°t t·ªët
406,2021-10-08 17:09:48,Th√™m l·ªõp b·∫£o m·∫≠t ti·ªán l·ª£i,5,False,Trung 0610,Ti·ªán l·ª£i
407,2021-10-08 16:53:13,An t√¢m khi chuy·ªÉn ti·ªÅn,5,False,dieupham16,B·∫£o m·∫≠t cao
408,2021-10-08 15:46:24,"App m∆∞·ª£t, nhanh. Vote 5*",5,False,lanhuong***,Good!
409,2021-10-08 15:16:46,D√πng t·ªët,5,False,Cam Cam Hanoi,T·ªët
410,2021-10-08 15:04:12,Ko th·ªÉ thi·∫øu c√πng Vietcombank Digibank. B·∫£o m·∫≠t- an to√†n- ti·ªán √≠ch!!! üëçüëçüëç,5,False,Uyen Nhi Pham,R·∫•t ti·ªán v√† thik!!!
411,2021-10-08 15:03:21,"Giao di·ªán ƒë·∫πp m·∫Øt, d·ªÖ nh√¨n, chuy·ªÉn ti·ªÅn nhanh, v√† nhi·ªÅu t√≠nh nƒÉng, ti·ªán √≠ch ƒëa d·∫°ng kh√°c",5,False,Qu√°ch Th·ªã Phin,T√¥i r·∫•t h√†i l√≤ng v·ªõi ·ª©ng d·ª•ng
412,2021-10-08 14:59:03,T√¥i r·∫•t h√†i l√≤ng khi s·ª≠ d·ª•ng. B·∫£o m·∫≠t cao. An to√†n. Giao di·ªán d·ªÖ s·ª≠ d·ª•ng,5,False,loanthanh2021,H√†i l√≤ng
413,2021-10-08 14:36:23,D√πng t·ªët; d·ªãch v·ª• ·ªïn,5,False,Vothuong123,Nh·∫≠n x√©t
414,2021-10-08 14:52:07,"App th√¢n thi·ªán, d·ªÖ d√πng",3,False,vuthixuanhuong,App d√πng r·∫•t t·ªët
415,2021-10-08 14:31:34,app nhanh v√† ti·ªán l·ª£i nh·∫•t so v·ªõi c√°c app c·ªßa bank kh√°c,5,False,thu·ª≥ 1209,Nhanh v√† ti·ªán l·ª£i nh·∫•t
416,2021-10-08 14:26:21,Tr·∫£i nghi·ªám v·ªõi VCB smart OTP th·∫≠t tuy·ªát v·ªùi,5,False,dp1110,S·ª≠ d·ª•ng  tuy·ªát v·ªùi!
417,2021-10-08 14:25:05,T·∫§T C·∫¢ C√ÅC S·∫¢N PH·∫®M C·ª¶A VCB ƒê·ªÄU T·ªêT. T√îI R·∫§T H√ÄI L√íNG,5,False,Ch·ªùi ∆°i ƒëi√™n m·∫•t,R·∫§T T·ªêT
418,2021-10-08 14:15:30,Ti·ªán √≠ch trong vi·ªác tƒÉng c∆∞·ªùng b·∫£o m·∫≠t th√¥ng tin,5,False,BCD3003,Number 1
419,2021-10-08 14:10:40,Qu√° hay!,5,False,luunt.dla,Hay!
420,2021-10-08 13:54:52,VCB l√† ng√¢n h√†ng uy t√≠n v√† lu√¥n ti√™n phong trong ƒë·ªïi m·ªõi ƒë·ªÉ kh√°ch h√†ng c√≥ nh·ªØng tr·∫£i nghi·ªám t·ªët nh·∫•t,5,False,TrKhMinh,Ng√¢n h√†ng hi·ªán ƒë·∫°i
421,2021-10-08 13:20:16,App d·ªÖ s·ª≠ d·ª•ng,5,False,Loan3009,App d·ªÖ s·ª≠ d·ª•ng
422,2021-10-08 13:03:51,Ti·ªán l·ª£i v√† th√¥ng minh,5,False,Song Ninh,R·∫•t ti·ªán
423,2021-10-08 12:58:23,"·ª®ng d·ª•ng nhanh, an to√†n, th√¢n thi·ªán v·ªõi ng∆∞·ªùi s·ª≠ d·ª•ng.",5,False,HoaTomTep,Vcb Smart OTP
424,2021-10-08 12:41:46,·ª®ng d·ª•ng ƒë·ªô b·∫£o m·∫≠t cao,5,False,Tamtrinh19-10,T√¥i ƒë√£ d√πng
425,2021-10-08 12:36:39,Tr·∫£i nghi·ªám tuy·ªát v·ªùi,5,False,HP12945,S·ª≠ d·ª•ng tuy·ªát v·ªùi
426,2021-10-08 12:32:55,"·ª®ng d·ª•ng d·ªÖ s·ª≠ d·ª•ng, ti·ªán √≠ch ph√π h·ª£p. Chuy·ªÉn ti·ªÅn nhanh.",5,False,Hi·ªÅn minhon,R·∫•t th√≠ch
427,2021-10-08 12:24:31,"·ª®ng d·ª•ng nhanh ch√≥ng, thu·∫≠n ti·ªán, d·ªÖ s·ª≠ d·ª•ng",5,False,ducminh1908,T·ªët
428,2021-10-08 12:22:48,"T√¥i th∆∞·ªùng xuy√™n d√πng App c·ªßa VCB ƒë·ªÉ giao d·ªãch chuy·ªÉn ti·ªÅn, SmartOTP l√† ·ª©ng d·ª•ng x√°c th·ª±c r·∫•t an to√†n, ti·ªán l·ª£i v√† t√≠nh b·∫£o m·∫≠t cao",5,False,btqly,An to√†n v√† t√≠nh b·∫£o m·∫≠t cao
429,2021-10-08 11:34:04,R·∫•t t·ªët,5,False,Bi MƒÉng,Vcb
430,2021-10-08 11:31:32,Ch·ªß ƒë·ªông,5,False,vuigame,Hi·ªán ƒë·∫°i
431,2021-10-08 11:29:41,"·ª®ng d·ª•ng tuy·ªát v·ªùi, d·ªÖ s·ª≠ d·ª•ng",5,False,Kh√°nh ƒêoan,·ª®ng d·ª•ng
432,2021-10-08 11:23:48,Tuy·ªát v·ªùi,5,False,hiennguyen1996,App vietcombank
433,2021-10-08 11:21:16,App r·∫•t t·ªët,5,False,Duong912,App r·∫•t t·ªët
434,2021-10-08 11:20:46,"Nhanh ch√≥ng, ti·ªán l·ª£i, b·∫£o m·∫≠t cao, giao di·ªán th√¢n thi·ªán.
5 sao",5,False,Tranizzle,App t·ªët
435,2021-10-08 11:20:26,"App r·∫•t h·ªØu √≠ch v√† d·ªÖ s·ª≠ d·ª•ng, giao di·ªán hi·ªán ƒë·∫°i v√† th√¢n thi·ªán v·ªõi ng∆∞·ªùi d√πng! Vote 5üåü",5,False,Lam M·∫°c,App VCB tuy·ªát v·ªùi
436,2021-10-08 11:18:38,D√πng m·ªõi bi·∫øt c√¥ng ngh·ªá s·ªë c·ªßa Vcb lu√¥n ƒëi ƒë·∫ßu,5,False,Tanvcb,Vcb No1
437,2021-10-08 11:18:20,M·ªôt ·ª©ng d·ª•ng tuy·ªát v·ªùi cho nh·ªØng,5,False,PH·∫†M N·ªÆ MINH PH∆Ø∆†NG,Tr√™n c·∫£ tuy·ªát v·ªùi
438,2021-10-08 11:10:25,"T√¥i h√†i l√≤ng, r·∫•t an to√†n",5,False,b·∫°ch kim 2,H√†i l√≤ng
439,2021-10-08 11:04:10,R·∫•t t·ªët,5,False,sansan1725,Tuy·ªát v·ªùi
440,2021-10-08 11:03:06,Tr·∫£i nghi·ªám ok.,5,False,khanhpn,Tr·∫£i nghi·ªám
441,2021-10-08 11:00:59,"·ª®ng d·ª•ng tuy·ªát v·ªùi, th√¢n thi·ªán",5,False,nptung,Tuy·ªát
442,2021-10-08 10:59:50,S·ª≠ d·ª•ng Smart OTP t√¥i ho√†n to√†n y√™n t√¢m giao d·ªãch an to√†n m√† kh√¥ng lo b·ªã k·∫ª gian l·ª£i d·ª•ng. Ch√∫c ·ª©ng d·ª•ng th√†nh c√¥ng.,5,False,Quangwe,·ª®ng d·ª•ng b·∫£o m·∫≠t
443,2021-10-08 10:59:34,D√πng r·∫•t ti·ªán,5,False,Nh∆∞ √ù @,Tuy·ªát v·ªùi
444,2021-10-08 10:57:20,"S·ª≠ d·ª•ng d·ªÖ,t√≠ch h·ª£p th√¥ng minh",5,False,daidepgai,10 sao
445,2021-10-08 10:55:47,R·∫•t ti·ªán √≠ch,5,False,hangntp,R·∫•t h√†i l√≤ng
446,2021-10-08 10:55:17,H√£y l√† b·∫°n c·ªßa ch√∫ng T√¥i! Ch√∫ng T√¥i l√† Vietcombank!,5,False,B020506,Vietcombank
447,2021-10-08 10:54:10,D√πng Smart OTP c·∫£m th·∫•y an to√†n trong giao d·ªãch v√† s·ª≠ d·ª•ng ng√¢n h√†ng ƒëi·ªán t·ª≠,5,False,Anhbank,An to√†n cao
448,2021-10-08 10:51:20,R·∫•t ti·ªán √≠ch,5,False,phuong1d,R·∫•t h√†i long
449,2021-10-08 10:50:51,T√¥i th·∫•y ·ª©ng d·ª•ng r·∫•t d·ªÖ s·ª≠ d·ª•ng.,5,False,Vu thi Tuyet 100,R·∫•t thu·∫≠n ti·ªán khi s·ª≠ d·ª•ng ·ª©ng d·ª•ng.
450,2021-10-08 10:42:45,"D√πng r·∫•t t·ªët, app ƒë·∫πp nh·∫•t trong c√°c ng√¢n h√†ng ·ªü Vi·ªát Nam",5,False,Vuhuyphabn,"App d√πng r·∫•t th√≠ch, giao di·ªán r·∫•t ƒë·∫πp"
451,2021-10-08 10:39:34,"Lu√¥n ·ªßng h·ªô dvu Vcb, nh√¢n vi√™n th√¢n thi·ªán, d·ªÖ th∆∞∆°ng, Ck digibank trong v√† ngo√†i Nh ko m·∫•t ph√≠.",5,False,Munlucky,R·∫•t t·ªët
452,2021-10-08 10:39:34,·ª®ng d·ª•ng qu√° tuy·ªát v·ªùi!,5,False,Thu·ª∑ th·ªß m·∫∑t trƒÉng,Vietcombank
453,2021-10-08 10:38:33,·ª®ng d·ª•ng r·∫•t th√¢n thi·ªán,5,False,dtvha1,Tuy·ªát v·ªùi
454,2021-10-08 10:35:57,app xai r·∫•t t·ªët,5,False,Nmquang,r·∫•t t·ªët
455,2021-10-08 10:35:54,S·ª≠u d·ª•ng t·ªët,5,False,skdbbƒë√∫gsggagaga,Vietcombank
456,2021-10-08 10:35:36,"Th·∫≠t ti·ªán d·ª•ng, nhann g·ªçn cho c·ªông ƒë·ªìng th√≠ch d√πng v√≠ ƒëi·ªán t·ª≠ v√† th√≠ch tr·∫£i nghi·ªám c√¥ng ngh·ªá",5,False,Chu·ªôt_KGI,Yeah
457,2021-10-08 10:34:18,T√¥i r·∫•t th√≠ch!,5,False,Trinh Ng·ªçc Trinh,S·ª≠ d·ª•ng th·∫≠t thu·∫≠n ti·ªán
458,2021-10-08 10:34:10,S·ª≠ d·ª•ng tuy·ªát v·ªùi,5,False,L√™ An Nh∆∞,S·ª≠ d·ª•ng tuy·ªát v·ªùi
459,2021-10-08 10:33:33,M·ªôt k√™nh b·∫£o m·∫≠t ti·ªán √≠ch,5,False,H√πng28091978,Ti·ªán √≠ch
460,2021-10-08 10:32:13,R·∫•t ti·ªán l·ª£i,5,False,S·ª≠ d·ª•ng tuy·ªát v·ªùi,Tuy·ªát v·ªùi
461,2021-10-08 10:32:07,V√¥ c√πng thu·∫≠n ti·ªán,5,False,ph·∫°m th·ªã kim thu√Ω,Smart otp
462,2021-10-08 10:31:43,"D·ªãch v·ª• digibank s·ª≠ d·ª•ng tuy·ªát v·ªùi, nhi·ªÅu t√≠nh nƒÉng, chuy·ªÉn ti·ªÅn nhanh ch√≥ng v√† thu·∫≠n ti·ªán.",5,False,Hahai195,Vietcombank digibank n√¢ng t·∫ßm tr·∫£i nghi·ªám
463,2021-10-08 10:31:15,"·ª®ng d·ª•ng r·∫•t t·ªët, an to√†n v√† d·ªÖ d√πng",5,False,Phuong Nam Nguyen,Review
464,2021-10-08 10:29:00,"Ti·ªán l·ª£i, an to√†n.",5,False,Hovietboilan,Good
465,2021-10-08 10:25:08,Tuy·ªát v·ªùi,5,False,hai yen 049,5 sao
466,2021-10-08 10:24:27,Safety and secured,5,False,Tuan233,Good secured
467,2021-10-08 10:23:38,Qu√° ti·ªán khi ·ªü n∆∞·ªõc ngo√†i,5,False,Qtung,T·ªët
468,2021-10-08 10:20:38,D√πng r·∫•t pro,5,False,P√™tre,D√πng r·∫•t pro
469,2021-10-08 10:17:40,I love Vietcombank,5,False,Pod Pham,Good
470,2021-10-08 09:31:29,R·∫•t ti·ªán l·ª£i trong khi giao d·ªãch,5,False,hattieu0611,R·∫•t t·ªët v√† h·ªØu d·ª•ng
471,2021-10-08 09:30:15,·ª®ng d·ª•ng tƒÉng c∆∞·ªùng b·∫£o m·∫≠t cho ng∆∞·ªùi d√πng!,5,False,Canh2306,·ª®ng d·ª•ng t·ªët
472,2021-10-08 09:26:03,S·ª≠ d·ª•ng t·ªët,5,False,nguyenhuongHoian,Giao di·ªán th√¢n thi·ªán
473,2021-10-08 08:26:43,·ª®ng d·ª•ng c·∫ßn thi·∫øt cho m·ªçi nh√†,5,False,khoanadtiger,·ª®ng d·ª•ng hay
474,2021-10-08 07:52:40,"T√¥i th∆∞·ªùng xuy√™n d√πng App c·ªßa VCB ƒë·ªÉ giao d·ªãch chuy·ªÉn ti·ªÅn, smart otp l√† ·ª©ng d·ª•ng nh·∫≠n m√£ x√°c th·ª±c r·∫•t an to√†n, ti·ªán l·ª£i v√† tonhs b·∫£o m·∫≠t cao",5,False,tptin,An to√†n v√† t√≠nh b·∫£o m·∫≠t cao
475,2021-10-08 07:06:50,App r·∫•t ƒë√°ng d√πng. Hi·ªán t·∫°i ƒë√£ mi·ªÖn ph√≠ t·∫•t c·∫£ c√°c ph√≠,5,False,Nguy·ªÖn Tri√™u,M√£i iu vcb
476,2021-10-08 07:02:22,T·ªët,5,False,hienxxxddd,T·ªët
477,2021-10-08 06:12:36,C√≥ th·ªÉ chuy·ªÉn ti·ªÅn m·ªçi l√∫c m·ªçi n∆°i.,5,False,Thao VCB KG,D·ªãch v·ª• r·∫•t t·ªët
478,2021-10-08 04:11:23,Good app,5,False,vythqng,Tr·∫£i nghi·ªám
479,2021-10-08 03:41:53,"An to√†n, b·∫£o m·∫≠t cao",5,False,Hoa Trinh 92,T√¥i r·∫•t h√†i l√≤ng v·ªÅ ·ª©ng d·ª•ng
480,2021-10-08 02:55:46,·ª®ng d·ª•ng tuy·ªát v·ªùi,5,False,lhga547680,Vietcombank
481,2021-09-21 17:33:47,T√¥i l√† doanh nghi·ªáp v√† ko h·ªó tr·ª£,5,False,Thuan0311,Kh√¥ng h·ªó tr·ª£ ios 15
482,2021-10-06 04:49:56,·ª®ng d·ª•ng r∆∞·ªùm r√† . Tr·ª´ ti·ªÅn tk li√™n t·ª•c. Chuy·ªÉn kho·∫£n th·ª≥ ph√≠ cao. Ko dc t√≠ch s·ª± gi,1,False,d√®gg,G√†
483,2021-10-05 03:47:03,ƒê·ªïi m√£ pin v√†o apps b·∫±ng c√°ch g·ª≠i c√¥ng vƒÉn ƒë√≥ng d·∫•u mang ƒë·∫øn ph√≤ng giao d·ªãch..,1,False,linh.dn,Smart apps in a stupid way
484,2021-10-04 02:30:27,"G·ªçi l√™n t·ªïng ƒë√†i c·∫£ 10 l·∫ßn ko ai nghe m√°y v·∫≠y m√† c·ª© tr·ª´ ti·ªÅn ƒëi·ªán tho·∫°i c·ªßa kh√°ch h√†ng, ch√∫ng t√¥i g·ªçi l√™n ƒë·ªÉ c·∫ßn t∆∞ v·∫•n ch·ª© ko ph·∫£i g·ªçi l√™n nghe nh·∫°c ch·ªù r·ªìi tr·ª´ ti·ªÅn , qu√° ch√°n h·∫øt d·ªãch ƒë·ªïi ng√¢n h√†ng",1,False,cmn b·∫£o tr√¨ g√¨ m√† l√¢u qu√°,Vi·ªátcombank H√∫t m√°u
485,2021-09-23 11:47:26,Kh√¥ng ch·∫°y ƒë∆∞·ª£c tr√™n ios15 add ∆°i,1,False,Mingtuantg,Ios15
486,2021-09-23 11:19:17,App ƒëang x√†i b√¨nh th∆∞·ªùng c·∫≠p nh·∫≠t l√™n ios 15 b√°o l·ªói thi·∫øt b·ªã kh√¥ng an to√†n ! ƒê·ªÅ ng·ªã c·∫≠p nh·∫≠t !,1,False,1 sao 2 so,Ios 15 B√°o l·ªói
487,2021-09-23 03:25:26,"C√†i app tr√™n IP12 (m√°y nguy√™n b·∫£n) nh∆∞ng v·∫´n b·ªã b√°o l√† thi·∫øt b·ªã kh√¥ng ƒë·∫£m b·∫£o y√™u c·∫ßu v·ªÅ b·∫£o m·∫≠t.
B√≥ tay",1,False,nnnvz,NH l·ªõn m√† app qu√° t·ªá
488,2021-09-22 12:43:19,Mong fix l·∫°i g·∫•p ·∫°,1,False,bachte,ios 15 kh√¥ng d√πng ƒë∆∞·ª£c smart otp
489,2021-09-22 11:20:49,App ch∆∞a n√¢ng c·∫•p ƒë·ªÉ h·ªó tr·ª£ iOs 15,2,False,VT554,Ch∆∞a h·ªó tr·ª£ iOS15
490,2021-09-22 10:44:59,Ng∆∞·ªùi ta ra ios 15 beta m·∫•y r·ªìi m√† m·∫•y √¥ng c√≤n kh√¥ng ch·ªãu theo ƒë·ªÉ kh√°ch h√†ng l√™n xong gi·ªù b√°o l·ªói t√πm lum kh√¥ng x·ª≠ l√Ω c√¥ng vi·ªác ƒë∆∞·ª£c,1,False,nghoangim,Update ch·∫≠m ch·∫°p
491,2021-09-22 10:42:41,"iOS 15 beta ƒë√£ ra r·∫•t l√¢u r·ªìi c≈©ng kh√¥ng ch·ªãu update l·ªói b·∫£o m·∫≠t ƒë·ªÉ kh√°ch h√†ng v√† c√¥ng ty d√πng token,
Gi·ªù up l√™n th√¥ng b√°o ko x√†i ƒë∆∞·ª£c, team IT nu√¥i ƒë√¥ng l√†m g√¨",1,False,Max.Ngo,Qu√° t·ªá
492,2021-09-22 06:00:48,Ng√¢n h√†ng l·ªõn nh∆∞ vietcombank m√† c√≥ c√°i app c≈©ng l√†m t·ªá th·∫≠t s·ª±! Th·ªùi bu·ªïi d·ªãch b·ªánh m√† c√≥ m·ªói c√°i OtP c·ª© b·ªã hu·ª∑ su·ªët m·∫•t c√¥ng ra ƒëƒÉng k√Ω l·∫°i trong khi ch·∫≥ng c√≥ thay ƒë·ªïi thi·∫øt b·ªã sim hay reset d·ªØ li·ªáu c·ªßa dt.,1,False,ƒê∆∞·ªùng Phong,Li√™n t·ª•c ƒëƒÉng xu·∫•t
493,2021-09-22 02:51:24,C·∫≠p nh·∫≠t gi√∫p,3,False,Nh·∫≠t Tr·∫ßn,C·∫≠p nh·∫≠t ios 15 ad ∆°i
494,2021-09-22 01:28:42,"L·ªói n√†y b·ªã t·ª´ l√∫c iOS beta ƒë·∫øn gi·ªù ƒë√£ ra b·∫£n release r·ªìi m√† v·∫´n ch∆∞a c√≥ update g√¨. 
L·ªói ‚ÄúThi·∫øt b·ªã kh√¥ng ƒë·∫£m b·∫£o y√™u c·∫ßu b·∫£o m·∫≠t‚Äù",1,False,KrEiNnY,App kh√¥ng t∆∞∆°ng th√≠ch iOS 15
495,2021-09-20 10:26:58,C·∫£m ∆°n vietcombank ƒë√£ g·ª≠i T·∫°m kho√° b√°o c√≥ cho ch·ªã H·∫±ng v·∫°ch m·∫∑t ns b·∫©n l√†m t·ª´ thi·ªán,5,False,hocchuot,C·∫£m ∆°n vietcombank ƒë√£ g·ª≠i T·∫°m kho√° b√°o c√≥ cho ch·ªã H·∫±ng v·∫°ch m·∫∑t ns b·∫©n l√†m t·ª´ thi·ªán
496,2021-09-21 10:13:08,"V√†o app t·ª± ƒë·ªông vƒÉng ra.
Kh√¥ng s·ª≠ d·ª•ng ƒë∆∞·ª£c.",1,False,khanhdang.xiii,L·ªói bug
497,2021-09-19 02:56:13,L√† ng√¢n h√†ng bao che ti·∫øp tai cho ngh·ªá sƒ© vip. ƒÇn ch·∫∑n t·ª´ thi·ªán,1,False,mtrinh@vnn,Ng√¢n h√†ng t·ªá nh·∫•t
498,2021-09-18 17:39:28,"Qu√° t·ªá,",1,False,lu canh,Ng√¢n h√†ng t·ªá nh·∫•t Vi·ªát Nam!
499,2021-09-18 12:06:32,Thu·ªôc cung minh b·∫°ch,1,False,longtt1102,Ch√≤m sao k√™
500,2021-09-11 00:39:43,C·∫ßn thu√™ dev ios m·ªõi ko,3,False,T Ô£ø,;))
501,2021-09-17 06:59:55,Sao k√™ ko r√µ r√†ng,1,False,meomeo1212,Sao k√™
502,2021-09-17 05:42:35,"Ch·∫£ bao gi·ªù match ƒëc OTP. 
L·∫°i ph·∫£i quay v·ªÅ SMS OTP.
Qu√° k√©m.",1,False,Kusatomi,C·ª±c k·ª≥ t·ªá
503,2021-09-16 08:20:46,L√†m ƒÉn qu√° t·ªá,1,False,cocvotinh,T·ªá
504,2021-09-12 18:30:20,Ko h√†i long,1,False,saoke toptu,C√¥ l√™n sao k√™
505,2021-09-12 15:40:04,C√πi,1,False,thinhlk91,Sao ke cui
506,2021-09-11 23:19:10,Ko t√≠nh ƒëc s·ªë d∆∞ sau m·ªói giao d·ªãchü§£,1,False,Si√™u Ng·ªëc,Ng√¢n h√†ng r·∫ª rach
507,2021-09-11 20:57:06,"L√†m ƒÉn b·ªë l√°o ,ph√≠ cao",1,False,N2168,M·∫•t uy t√≠n
508,2021-09-11 18:40:32,Sao k√™ c·∫©u th·∫£ l√†m m·∫•t uy t√≠n c·ªßa ng√¢n h√†ng trong m·∫Øt c√¥ng ch√∫ng,1,False,nghesiban,Sao k√™
509,2021-09-11 17:45:16,D·ªãch v·ª• t·ªá ch·∫≥ng ra l√†m sao,1,False,tƒ©non,T·ªá
510,2021-09-11 12:51:07,N·∫øu ko minh b·∫°ch s·∫Ω kh√¥ng d√πng m√£i m√£i,1,False,tran thanh huynh,Sao k√™
511,2021-09-11 12:00:34,Qu√° c√πi,1,False,king-df,C√πi
512,2021-09-11 05:11:26,V√¥ tr√°ch nhi·ªám ti√™p tay b·ªçn ƒÉn ch·∫∑n t·ª´ thi·ªán l√†m m·∫≠p m·ªù sao k√™.,1,False,NGUY·ªÑN PH∆Ø∆†NG H·∫∞NG FANS,"Ng√¢n h√†ng v√¥ tr√°ch nhi·ªám, ti·∫øp tay v·ªõi l≈© ƒÉn ch·∫∑n ti·ªÅn t·ª´ thi·ªán b√πa ph√©p sao k√™"
513,2021-09-11 04:40:38,"ƒê·ªôc quy·ªÅn , tr·ªãnh th∆∞·ª£ng t·∫≠n thu",1,False,ti·ªÖn bi·ªát vcb,T·∫°i sao ph·∫£i s√†i b·ªçn t·∫≠n thu h√∫t m√°u kh√°ch h√†ng ?
514,2021-09-11 02:00:48,Sao k√™ c·ªßa vcb qu√° kh√°c th∆∞·ªùng,1,False,hame1247889,Sk
515,2021-09-10 21:11:56,Sk,1,False,bmt 47k1 daklak,Sk
516,2021-09-10 15:29:41,Lu√¥n v·∫≠y,1,False,Ngoc.vp,1*
517,2021-09-10 14:49:35,kh√¥ng bao gi·ªù s·ª≠ d·ª•ng ng√¢n h√†ng nay,1,False,tr√¢n thanh tao,sao k√™
518,2021-09-10 10:58:51,Sao k√™ t·ªá qu√°,1,False,sao k√™ t·ªá,Sao k√™
519,2021-09-10 07:56:26,t·∫©y chay,1,False,H·ªìng √ù,t·∫©y chay
520,2021-09-10 06:35:54,Kh√¥ng g·ªôp chung l·∫°i nh∆∞ ng√¢n h√†ng kh√°c,1,False,concacnhucaiquanque,L·ªõn m√† t·ªá
521,2021-09-10 06:27:53,it is so bad device,1,False,welist,device
522,2021-09-10 03:11:24,"L·ªïi to√†n b·ªô, app chi·∫øm dung l∆∞·ª£ng qu√° cao",1,False,Nh√¢n Lipp MP,V√¥ s·ªë l·ªïi
523,2021-09-10 02:06:23,"Ng√¢n h√†ng Vietcombank v·ªÅ ƒë·∫°o ƒê·ª©c qu√° t·ªìi . C√≥ 1 l·∫ßn t√¥i chuy·ªÉn ti·ªÅn cho kh√°ch c·ªßa t√¥i ·ªü vietcombank nh∆∞ng b·ªã sai s·ªë tk sang 1 ng∆∞·ªùi c√¥ng nh√¢n ·ªü b√¨nh d∆∞∆°ng. 100 tri·ªáu ƒë·ªìng. L·∫≠p t·ª©c trong v√≤ng 2 ph√∫t t√¥i b√°o v·ªõi ng√¢n h√†ng v√† c≈©ng nh·ªù ng√¢n h√†ng c·ªßa t√¥i b√°o v·ªõi b√™n vietcombank . Ch√∫ng t√¥i v√† ng√¢n h√†ng b√™n t√¥i chuy·ªÉn ti·ªÅn ƒë√£ l√†m r·∫•t nhi·ªÅu c√¥ng vƒÉn g·ª≠i cho ng√¢n h√†ng , nh∆∞ng h·ªç h·∫πn 45 ng√†y theo qui ƒë·ªãnh c·ªßa ng√¢n h√†ng s·∫Ω gi·∫£i quy·∫øt . Sau 45 ng√†y h·ªç tr·∫£ l·ªùi th·∫£n nhi√™n l√† h·ªç ko gi·∫£i quy·∫øt ƒë∆∞·ª£c vi·ªác n√†y v√¨ l√≠ do h·ªç li√™n h·ªá v·ªõi kh√°ch h√†ng c·ªßa h·ªç , nh∆∞ng kh√°ch h√†ng n√†y ko ƒë·ªìng √Ω tr·∫£ l·∫°i ti·ªÅn chuy·ªÉn nh·∫ßm . Vietcombank l√† ng√¢n h√†ng l·ªõn . Nh∆∞ng ƒë·∫°o ƒê·ª©c ngh·ªÅ nghi·ªáp r·∫•t k√©m . M√¨nh b·∫£o v·ªá kh√°ch h√†ng c·ªßa m√¨nh nh∆∞ng c≈©ng ph·∫£i cƒÉn c·ª© tu·ª≥ t·ª´ng s·ª± vi·ªác x·∫£y ra , nh∆∞ng ƒë√¢y ng√¢n h√†ng n√†y l·∫°i ti·∫øp tay cho nh·ªØng ng∆∞·ªùi tham lam . √îng cha ta ƒë√£ t·ª´ng d·∫°y d·ªó con ,ch√°u t·ª´ b√© l√† nh·∫∑t ƒë∆∞·ª£c c·ªßa r∆°i ph·∫£i tr·∫£ l·∫°i ng∆∞·ªùi ƒë√°nh m·∫•t . Nh∆∞ng c√°ch l√†m vi·ªác v√† qui ƒë·ªãnh c·ªßa ng√¢n h√†ng n√†y tr·ª±c ti·∫øp ƒë∆∞a con ng∆∞·ªùi tr·ªü th√†nh nh·ªØng k·∫ª tham lam.",1,False,√Åi Linh D∆∞∆°ng,Ng√¢n h√†ng vietcombank th·∫•t ƒê·ª©c.
524,2021-09-10 01:42:42,Kh√¥ng ch·∫•p nh·∫≠n ƒë∆∞·ª£c,1,False,kvdknd,Qu√° t·ªá .
525,2021-09-09 20:18:44,Thi·∫øu tr√°ch nhi·ªám,1,False,chutieu6789,Thi·∫øu tr√°ch nhi·ªám
526,2021-09-09 18:17:56,Kh√¥ng c√≥ tr√°ch nhi·ªám,1,False,thanhhai31221,Thi·∫øu minh b·∫°ch
527,2021-09-09 17:28:13,Coi th∆∞·ªùng kh√°ch h√†ng. L√†m ƒÉn b·ªë l√°o,1,False,nh√¢n d√¢n 3789,Coi th∆∞·ªùng kh√°ch h√†ng l√†m vi·ªác kh√¥ng minh b·∫°ch
528,2021-09-09 17:17:42,Qu√° k√©m h√∫t ph√≠  l·∫°i cao,1,False,lol m√° oc,R·∫•t t·ªá
529,2021-09-09 17:04:13,L√†m ƒÉn ch√°n,1,False,ƒê√¨nh Phi√™n,L√†m ƒÉn ch√°n l·∫Øm g·ªçi cs kh mai k nghe m√°y
530,2021-09-09 16:46:39,ƒê√£ g·∫Øn b√≥ ƒë∆∞·ª£c h∆°n 3nƒÉmüëéüèª. gi·ªù d√πng tecombank chuy·ªÉn kho·∫£n k m·∫•t ti·ªÅn.,1,False,ƒëi·ªán tho·∫°i T·∫•n Tr∆∞·ªùng,M·∫•t ph√≠ chuy·ªÉn  üëéüèª
531,2021-09-09 16:09:36,t·ªá,1,False,Helen T√∫ Phan,t·ªá
532,2021-09-09 13:02:38,Sao k√™,1,False,tvvt3,Sao k√™
533,2021-09-09 12:31:37,T·∫©y chay vcb,1,False,anhtuanhb,T·∫©y chay vcb
534,2021-09-09 07:59:43,Qu√° t·ªá,1,False,nguyentvan2606,In sao k√™
535,2021-09-09 07:25:02,Qu√° t·ªìi t·ªá,1,False,Tuong bp,T·ªìi t·ªá
536,2021-09-09 04:16:47,Qu√° t·ªá,1,False,Tu·∫•n778872,T·ªá
537,2021-09-09 03:38:21,Tr·∫£i nghi·ªám t·ªìi t·ªá,1,False,Nguyen lam bach,Qu√° t·ªá
538,2021-09-08 20:59:49,"sao k√™ kh√¥ng minh b·∫°ch , t·∫©y chay",1,False,em c√≤n zin,sao k√™
539,2021-09-08 20:09:18,Xin ƒëc t·∫©y chay,1,False,Ph·∫°m Ng·ªçc D≈©ng - Austin Pham,Gh√©t
540,2021-06-18 19:25:41,K√©m,3,False,nguoi ti√™u d√πng,Sao vcb kh√¥ng th√™m ƒëƒÉng k√≠ onl t·∫°i nh√† khi chuy·ªÉn ti·ªÅn qua ƒëi·ªán m√† bat ra ng√¢n h√†ng m·ªü th·∫ª
541,2021-09-08 19:11:04,"Ng√¢n h√†ng l√†m ƒÉn v√¥ tr√°ch nhi·ªám, thi·∫øu minh b·∫°ch trong sao k√™ t√†i kho·∫£n.",1,False,An Nhoong,Ng√¢n h√†ng v√¥ tr√°ch nhi·ªám
542,2021-09-08 18:45:52,Qu√° t·ªá,1,False,HB Nhi,Qu√° t·ªá
543,2021-09-08 16:26:19,"T√¥i s√†i VCB nh∆∞ng b√¢y gi·ªù chuy·ªÉn qua MB, TCB v√†  VPB, th·∫≠t s·ª± app VCB t·ªá, ph√≠ ck qu√° cao v√† ph√≠ Qu·∫£n l√Ω t√†i kho·∫£n v√¥ l√Ω. C√°c ti·ªán √≠ch, d·ªãch v·ª• k√©m h∆°n MB nhi·ªÅu",1,False,ChinhNguyenXADT,S·∫£n ph·∫©m k√©m ch·∫•t l∆∞·ª£ng
544,2021-09-08 15:02:55,Khoing c√≥ tr√°ch nhi·ªám,1,False,aihaiao,Thi·∫øu chuy√™n nghi·ªáp
545,2021-09-08 13:09:13,"Th√°i ƒë·ªô ph·ª•c v·ª• k√©m   , sao k√™ kh√¥ng chu·∫©n x√°c",1,False,l0vi94,th·∫•t v·ªçng
546,2021-09-08 12:49:19,Ch√°n VCB qu√°.,1,False,addvcb,Ch√°n
547,2021-09-08 11:41:41,"Th·∫≠t s·ª± ng√¢n h√†ng n√†y n√≥ h√∫t m√°u d·ªãch v·ª• qu√°. Ph√≠ cao, h·ªï tr·ª£ kh√°ch h√†ng c√≤ng k·ªÅnh. Ngay c·∫£ 24/7 t·ªïng ƒë√†i c≈©ng t√≠nh ph√≠ cao, d·∫´n d·∫Øt kh√°ch l√≤ng v√≤ng ƒë·ªÉ k√©o ph√≠ g·ªçi. Kh bao gi·ª´o gi·∫£i quy·∫øt ƒë∆∞·ª£c v·∫•n ƒë·ªÅ v√¨ ti·ªÅn ƒëi·ªán tho·∫°i auto h·∫øt. Bank g√¨ t·ªá nh·∫•t l√† t·ªïng ƒë√†i.",1,False,namjeesuk,Qu√° t·ªá
548,2021-09-08 10:55:14,‚Ä¶,1,False,n√¢nh18736,Sao k√™ sao k√™
549,2021-09-08 09:05:35,R·∫•t hay b·ªã vang v√† l·ªói,1,False,0944.231.231,L·ªói
550,2021-08-06 16:41:34,"Thi·∫øt k·∫ø ko test, ko ki·ªÉm tra ph∆∞∆°ng th·ª©c ng∆∞·ªùi d√πng, b·∫•t ti·ªán",1,False,cafebit.org,Thi·∫øt k·∫ø ngu
551,2021-08-03 04:57:31,App kh√¥ng d√πng ƒë∆∞·ª£c. M·ªü l√™n l√† b√°o thi·∫øt b·ªã kh√¥ng ƒë·ªß y√™u c·∫ßu b·∫£o m·∫≠t.,1,False,Nguy·ªÖn Quang Nam,Kh√¥ng d√πng ƒë∆∞·ª£c
552,2021-06-25 05:30:59,"C·ª±c k·ª≥ hay l·ªói, ph·∫£i ƒë·∫øn 80% s·ªë l·∫ßn s·ª≠ d·ª•ng ƒë·ªÅu b·ªã l·ªói ""m√£ x√°c th·ª±c ƒë√£ h·∫øt hi·ªáu l·ª±c"" trong khi nh·∫≠p ngay trong v√≤ng ch∆∞a ƒë·∫øn 10s",1,False,nthphuong311,K√©m
553,2021-06-21 03:19:53,Qu√° ch·∫≠m,1,False,Vn-google,Bu·ªìn
554,2021-06-15 08:32:06,"K th·ªÉ ƒëƒÉng nh·∫≠p k√≠ch ho·∫°t smart otp th·ª≠ c·∫£ h∆°n ch·ª•c l·∫ßn k ƒëc, ng√¢n h√†ng k g·ª≠i m√£ k√≠ch ho·∫°t lu√¥n m·ªõi gh√™, k bi·∫øt t·∫°o c√°i app ƒë√≥ xong l√†m g√¨ v·ªõi n√≥ lu√¥n,haizzz",1,False,IT l√¢u nƒÉm,T∆∞ duy y·∫øu k√©m
555,2021-06-10 02:43:23,"T·∫•t c·∫£ c√°c d·ªãch v·ª• ƒë·ªÅu t·ªá, k√≠ch ho·∫°t OTP ko dc nh√¢n vi√™n ch·ªët c√¢u ph·∫£i ƒë·ªïi ƒëi·ªán tho·∫°i, trong khi c√°c app ng√¢n h√†ng kh√°c d√πng b√¨nh th∆∞·ªùng. Qu√° ch√°n",1,False,N√™n ƒë·ªïi ·ª©ng d·ª•ng,T·ªá c·ªßa t·ªá
556,2021-05-31 02:59:56,"Duy·ªát giao d·ªãch tr√™n ƒëi·ªán tho·∫°i, copy m√£ d√°n v√†o Smart OTP l·∫•y m√£ OTP r·ªìi sao ch√©p m√£ d√°n l·∫°i v√†o ch·ªó duy·ªát l·ªánh, l·∫°i b√°o m√£ OTP ko ƒë√∫ng. Copy ch·ª© c√≥ ph·∫£i g√µ b·∫±ng tay ƒë√¢u. Sai ch·ªó n√†o???",1,False,Cter phuong,Qu√° t·ªá
557,2021-05-14 05:21:26,Qu√° t·ªá h·∫°i cho m·ªôt ng√¢n h√†ng h√†ng ƒë·∫ßu VN,1,False,lluckycl,Qu√° t·ªá
558,2021-04-29 13:15:00,C·∫ßn xem l·∫°i c√°ch thi·∫øt k·∫ø,1,False,Nam HT,App xai qua te
559,2021-04-18 13:31:31,"T√¥i c√†i r·ªìi m√† kh√¥ng th·ªÉ n√†o k√≠ch ho·∫°t ƒë∆∞·ª£c, ph·∫ßn m·ªÅm v√† h·ªá th·ªëng kh√≥ s·ª≠ d·ª•ng",1,False,Freelife1710,B·∫•t ti·ªán
560,2021-04-14 01:20:34,"Giao di·ªán ƒë·∫πp m·∫Øt,ti·∫øt ki·ªám pin d·ªÖ nh√¨n,chuy·ªÉn ti·ªÅn nhanh v√† t√≠nh nƒÉng ti·ªán √≠ch ƒëa d·∫°ng",5,False,Nh√£ ti√™n Nh√£ uy√™n,T√¥i r·∫•t h√†i l√≤ng v·ªõi ·ª©ng d·ª•ng vcb digibank
561,2021-04-13 02:43:55,G√≥i g·ªçn trong 3 ch·ªØ: Nhanh - G·ªçn - ƒê∆°n gi·∫£n.,5,False,namndvcb,TH·ªúI GIAN L√Ä V√ÄNG
562,2021-04-13 01:26:32,"H∆°n c·∫£ m·ªôt ·ª©ng d·ª•ng Ng√¢n h√†ng ƒëi·ªán t·ª≠, DIGIBank ƒë√£ gi√∫p vi·ªác thanh to√°n tr·ªü th√†nh m·ªôt tr·∫£i nghi·ªám th√∫ v·ªã. 
Welldone Digibank.",5,False,Mr Than Nong,More than Mobile Banking App
563,2021-04-12 06:50:51,"App d√πng t·ªët, giao di·ªán ƒë·∫πp",5,False,maingocls93,VCB
564,2021-04-11 13:56:51,üëçüëç,5,False,Kh√¥ng update ƒë∆∞·ª£c,G√≥i ƒëƒÉng k√Ω m·ªõi t√¥i r·∫•t th√≠ch
565,2020-12-12 13:46:27,"C√°c ng√¢n h√†ng kh√°c ƒë·ªÅu t√≠ch h·ª£p smart OTP v√†o app, ch·ªâ c√≥ c√°i ng√¢n h√†ng VCB n√†y l√† t√°ch ra, c√°i ƒëi·ªán tho·∫°i iphone x√†i ƒë∆∞·ª£c app ch√≠nh, nh∆∞ng kh√¥ng x√†i ƒë∆∞·ª£c c√°i app Smart OTP v√¨ l·ªói b·∫£o m·∫≠t, VCB v·ª´a ngu v·ª´a ch√≥ ƒë·∫ª",5,False,stoptalkingmoran,Ngu
566,2021-03-26 04:33:31,Sang Vietin m√† h·ªçc c√°ch l√†m smart otp. Ng∆∞·ªùi ta t√≠ch h·ª£p lu√¥n v√†o ib c·ªßa ng√¢n h√†ng ch·ª© ai l·∫°i c√†i th√†nh ·ª©ng d·ª•ng ri√™ng v·ª´a b·∫•t ti·ªán v·ª´a nhi·ªÅu thao t√°c. ƒêƒÉng nh·∫≠p m√£i c≈©ng ch·∫£ ƒë∆∞·ª£c. Ch√°n,1,False,dungmonitor,Thua xa Vietin
567,2021-01-19 16:19:18,"T·ªõi vp l√†m vi·ªác ch·ªù 3h ch∆∞a t·ªõi l∆∞·ª£t
L·∫•y c√°i th·∫ª ng·∫ßn h√†ng 3 l·∫ßn k c√≥
Gi·ªù ck l·∫°i c·ªìng k·ªÅnh",1,False,qrwueirndkeld,∆Øng d·ª•ng ngu ng·ªëc
568,2021-01-15 09:26:41,Qu√° ch√°n VIETCOMBANK. Ng√¢n h√†ng l·ªõn m√† c√°i app h·∫øt s·ª©c r·∫Øc r·ªëi v√† ch·∫≠m ti·∫øn.,1,False,nnrecozzz,Bad app
569,2021-01-06 16:13:43,"Cai m√£i ·ª©ng d·ª•ng smart otp m√† kh√¥ng ƒëu·ªçc, b·ª±c m√¨nh qu√°",1,False,d√¥na,C√†i ƒë·∫∑t ·ª©ng d·ª•ng smart otp
570,2020-12-23 10:34:15,R·∫Øc r·ªëi n√¢ng h·∫°n m·ª©c chuy·ªÉn ti·ªÅn,2,False,thanglieu,B√¨nh th∆∞·ªùng
571,2020-12-19 02:56:02,"Quy tr√¨nh k√≠ch ho·∫°t l√≤ng v√≤ng r·∫•t kh√≥ s·ª≠ d·ª•ng, t√¥i c√≥ c·∫£m gi√°c nh∆∞ ƒë√°nh ƒë·ªë ng∆∞·ªùi s·ª≠ d·ª•ng v·∫≠y. ƒê√£ th·ª≠ k√≠ch ho·∫°t m·∫•y l·∫ßn v·∫´n kh√¥ng ƒë∆∞·ª£c.",1,False,Dinh Khai,App r·∫•t t·ªá
572,2020-11-10 06:44:05,·ª®ng d·ª•ng b·ªã l·ªói tr√™n ios 14.2 m·ªõi nh·∫•t. Vui l√≤ng fix l·ªói s·ªõm. Xin c·∫£m ∆°n!,2,False,Hieu Pham,Kh√¥ng m·ªü ƒë∆∞·ª£c ·ª©ng d·ª•ng!
573,2020-12-06 08:50:39,Nh∆∞ lol,1,False,thlfd,Nh∆∞ lol
574,2020-11-23 08:14:25,"Ch·ªâ m√¨nh vcb iu ti√™n cho kh√°ch luy·ªán ch·ªØ , ton giay tr∆∞·ªõc khi chuy·ªÉn kho·∫£n
App th√¨ ngu th·∫•y ·ªõn, b·∫Øt ƒë·ªß ki·ªÉu l·∫°i ko c√†i ƒëc",1,False,thatkong,t·ªá t·ª´ c√°ch ph·ª•c v·ª• ƒë·∫øn app
575,2020-11-03 09:18:25,"K·ªÉ t·ª´ l√∫c c√≥ m√£ giao d·ªãch, copy d√°n v√†o l·∫•y m√£ opt, copy m√£ otp d√°n l·∫°i v√†o l·ªánh chuy·ªÉn ch∆∞a ƒë·∫ßy 40 gi√¢y v·∫´n b√°o qu√° tgian x√°c th·ª±c. C√≥ m√† l√† cao th·ªß ch∆°i game may ra m·ªõi thao t√°c c·ª±c nhanh ƒë·ªÉ ƒë·∫£m b·∫£o k·ªãp giao d·ªãch. Th·∫≠t l√† h·ªëi h·∫≠n v√¨ chuy·ªÉn sang h√¨nh th·ª©c x√°c th·ª±c m·ªõi n√†y. M·ªói l·∫ßn giao d·ªãch h√™n xui nh∆∞ ƒë√°nh b·∫°c, may th√¨ xu√¥n x·∫ª, ko th√¨ l√†m ƒëi l√†m l·∫°i c·∫£ ch·ª•c l·∫ßn",1,False,thuy DC,Kh√¥ng th·ªÉ ch·ªãu n·ªïi
576,2020-10-28 05:43:22,Stupid OPT by Stupid Bank,1,False,truc123456787765447,VCB Stupid OTP
577,2020-10-27 09:27:12,"·ª®ng d·ª•ng g√¨ ƒëang d√πng ngon gi·ªù l·∫°i b√°o ch∆∞a ƒëƒÉng k√Ω , ngu xu·∫©n th·∫≠t c√°i h·ªá th·ªëng n√†y
Stupid app , fu.kc Vcb ibank",1,False,MinhNamCun,Stupid app
578,2020-10-21 16:34:17,Kh√¥ng th·ªÉ hi·ªÉu n·ªïi rule ƒë·ªÉ s·ª≠ d·ª•ng chuy·ªÉn ti·ªÅn v√† thi·∫øt l·∫≠p ra sao,1,False,∆∞uyvvbbb,Ch·∫£ hi·ªÉu rule s·ª≠ d·ª•ng l√† g√¨
579,2020-10-20 23:56:47,"ƒê√£ x√†i th√†nh c√¥ng ƒë∆∞·ª£c 1 l·∫ßn d√πng Smart OTP, c√≤n l·∫°i c√°c l·∫ßn kh√°c kh√¥ng k√≠ch ho·∫°t ƒë∆∞·ª£c. R·∫•t phi·ªÅn ph·ª©c. Chu·∫©n b·ªã chuy·ªÉn qua d√πng NH kh√°c.",1,False,Chaubkit,Qu√° k√©m
580,2020-09-21 12:03:59,Tr√™n iOS 14: active ƒë∆∞·ª£c cho doanh nghi·ªáp nh∆∞ng kh√¥ng th·ªÉ activate cho c√° nh√¢n. Admin check l·∫°i xem sao,3,False,mathinh,Kh√¥ng th·ªÉ activate tr√™n iOS 14 cho c√° nh√¢n
581,2020-10-11 14:24:45,"·ª®ng d·ª•ng nh∆∞ c√°i t·∫£ qu√®. ƒêƒÉng nh·∫≠p 6 s·ªë g·ª≠i v·ªÅ sƒët. V·∫≠y m√† ƒëƒÉng nh·∫≠p v·∫´n k ƒë∆∞·ª£c.
Th·∫±ng n√†o t·∫°o ra ·ª©ng d·ª•ng n√†y v·∫≠y?
V√¥ ƒë√¢y tao h·ªèi 1 t√≠",1,False,T√¢n T·ª± T·∫°i,KH√îNG TH·ªÇ ƒêƒÇNG NH·∫¨P
582,2020-10-06 15:19:29,"M·ªçi c√¥ng vi·ªác ƒë·ªÅu ƒë√¨nh tr·ªá khi ph·∫£i t·ªën th·ªùi gian ra ng√¢n h√†ng l√†m c√°i vi·ªác tr√™n mobile ch·ªâ m·∫•t 5p. Ng√¢n h√†ng VCB ch∆∞a bao gi·ªù nghƒ© ƒë·∫øn tr·∫£i nghi·ªám kh√°ch h√†ng, doanh nghi·ªáp t√¥i s·∫Ω ƒë·ªïi kh√¥ng d√πng VCB n·ªØa!",1,False,Liecaloirun,Kh√¥ng th·ªÉ ho·∫°t ƒë·ªông tr√™n iOS 14
583,2020-10-02 11:49:00,"Vietcombank n√™n xem x√©t l·∫°i, c∆° ch·∫ø r·∫Øc r·ªëi kh√¥ng hi·ªáu qu·∫£. Ph√≠ cao d·ªãch v·ª• k√©m. Ng∆∞·ªùi l√†m ra c√°i app n√†y ch·∫Øc c≈©ng ƒë·∫ßu h·ªèng m·ªõi ngu nh∆∞ v·∫≠y ƒë∆∞·ª£c !!!!
C√°c c√¥ng ty n∆∞·ªõc ngo√†i kh√¥ng tr·∫£ l∆∞∆°ng nh√¢n vi√™n qua Vietcombank ch·∫Øc c√°c √¥ng ƒë√≥i r∆°i rƒÉng .",1,False,Viet Tien SG0402,Qu√° t·ªá
584,2020-10-02 05:08:33,It crashes right after I launched the app,2,False,barry.j14,Crash on iOS 14
585,2020-08-10 01:38:32,"T√¥i g·∫∑p l·ªói n√†y li√™n t·ª•c, ƒë·ªÅ ngh·ªã fix l·ªói. C·∫£m ∆°n.",3,False,Tuan Anh NSRP,L·ªói t·ª± tho√°t trong IOS 13
586,2020-09-21 09:57:21,"Gi·ªù thay ƒë·ªïi h·∫°n m·ª©c chuy·ªÉn ti·ªÅn b·∫Øt ph·∫£i k√≠ch ho·∫°t smart otp, m√† k√≠ch ho·∫°t th√¨ v√°o l·ªói cmn m·∫°ng g√¨ ƒë√≥ ko k√≠ch ho·∫°t ƒëc. ·ª®c ch·∫ø",1,False,Minh C√°t,Qu√° c√πi b·∫Øp
587,2020-09-21 04:01:15,"M·ªôt ng√¢n h√†ng l·ªõn m√† l√†m c√°i app qu√° ch√°n. K√≠ch ho·∫°t th√¨ c·ª© b√°o l·ªói m·∫°ng, kh√¥ng k√≠ch ho·∫°t ƒë∆∞·ª£c th√¨ l·∫•y g√¨ x√†i.",1,False,minh t√≠,App qu√° ch√°n
588,2020-09-18 22:55:55,ƒêƒÉng k√≠ sms th√¨ cho otp g·ª≠i v·ªÅ sdt ng ta ƒëi .r·ªùm r√†,1,False,thanhhoanggk,N√™n h·ªçc h·ªèi sacombank
589,2020-09-18 07:00:01,Bad bad bad ....wasted money and time,1,False,Hell2222,Bad service and expensive fee
590,2020-09-04 11:40:03,Thu internet banking h·ªìi x∆∞a,1,False,Edgarpham,ƒê·ª´ng sd m·∫Øc c√¥ng t·ªën tg
591,2020-08-06 03:58:29,"Ko hi·ªÉu sao r·∫•t hay l·ªói, n·∫øu ko dc th√¨ h√£y remove ƒëi ƒë·ª´ng qcao, May time",1,False,Hooonongn,B√°o l·ªói
592,2020-08-05 04:55:41,"T·ª± nhi√™n ƒëang x√†i b√¨nh th∆∞·ªùng h√¥m nay l·∫°i b·∫Øt l·ªói thi·∫øt b·ªã b·∫£o m·∫≠t l√†m kh√¥ng bi·∫øt ph·∫£i l√†m sao lu√¥n, l√†m ∆°n b·ªõt phi·ªÅn gi√πm",1,False,Heddwiggg,Phi·ªÅn to√°i th·∫≠t s·ª±
593,2020-07-24 03:00:02,t·∫°i sao ƒë√£ s·ª≠ d·ª•ng smart otp v·∫´n ph·∫£i ƒëƒÉng k√≠ th√™m sms khi s·ª≠ d·ª•ng internet. ph·∫ßn m·ªÅm th√¨ ch·ªìng ch√©o nhi√™u kh√™. th·ª±c s·ª± qu√° m·ªát m·ªèi khi l√†m vi·ªác v·ªõi ng√¢n h√†ng n√†y.,1,False,drlengoc,"qu√° t·ªá, g√¢y ·ª©c ch·∫ø th·ª±c s·ª±"
594,2020-06-20 10:51:28,N√¢ng c·∫•p ios m·ªõi kh√¥ng s·ª≠ d·ª•ng ƒë∆∞·ª£c,1,False,dat st 6868,Ko x√†i ƒë∆∞·ª£c tr√™n ios m·ªõi
595,2020-06-13 04:10:07,·ª®ng d·ª•ng b·ªã l·ªói tr√™n iphone 11. T·ª± ƒë·ªông ƒë√≥ng app,1,False,Pkt2204,L·ªói crash
596,2020-06-05 08:18:05,"ƒê·ªïi nhi·ªÅu qu√° t·ªën r·∫•t nhi·ªÅu th·ªùi gian c·ªßa kh√°ch h√†ng. ƒêang sms th√¨ qua m-token r·ªìi l·∫°i Smart otp, m·ªói l·∫ßn ƒë·ªïi bao nhi√™u c√°i ph√°t sinh.

Ng√¢n h√†ng n√™n coi l·∫°i, m√¨nh c≈©ng ng·ª´ng s·ª≠ d·ª•ng h·∫øt nƒÉm nay cho c√°c h·ª£p ƒë·ªìng c≈© ƒë√£ k√Ω. NƒÉm sau qua b√™n kh√°c hu v·ªçng t·ªët h∆°n.",1,False,T√∫ cao,N√™n xem l·∫°i quy tr√¨nh
597,2020-05-29 03:48:03,Th·∫≠t t·ªìi t·ªá khi ng√¢n h√†ng l·∫°i ƒë∆∞a ra th√™m 1 ·ª©ng ·ª•ng l·∫•y otp! Qu√° m·∫•t th·ªùi gian. Hi v·ªçng sau n√†y m·ªçi ng∆∞·ªùi s·∫Ω kh√¥ng d√πng vietcombank n·ªØa,1,False,longkhieucuuthieb1,·ª®ng d·ª•ng v√¥ √≠ch
598,2020-05-28 02:48:07,"developer 8 nƒÉm kn k√≠ch ho·∫∑t m√£i ko ƒë∆∞·ª£c hu·ªëng h·ªì end-user, ph·ª©c t·∫°p r·ªëi r·∫Øm 1 c√°ch ngu si, n√™n ƒë·ªïi t√™n l√† stupid otp.",1,False,Dean Thien,Stupid OTP
599,2020-05-26 04:10:54,"L√†m ƒÉn cho c√≥ v·ªõi thi√™n h·∫°. ƒêƒÉng k√Ω xong xu√¥i r·ªëi r·∫Øm. ƒê·∫øn l√∫c chuy·ªÉn ti·ªÅn b√°o mk sai trong khi v√†o nh·∫≠p b√¨nh th∆∞·ªùng.
G·∫Øn b√≥ 10 nƒÉm v·ªõi vcb nh∆∞ng gi·ªù ch·∫Øc b·ªè",1,False,long 111111,Qu√° t·ªá!
600,2020-03-24 08:31:43,"·ªû phi√™n b·∫£n n√†y, ·ª©ng d·ª•ng kh√¥ng t·ª± kho√° (b·∫±ng m√£ Pin) sau 1 kho·∫£n th·ªùi gian s·ª≠ d·ª•ng, ph·∫£i t·∫Øt ƒëi th√¨ m·ªõi kho√° => B·∫£o m·∫≠t k√©m. Phi√™n b·∫£n c≈© c√≥ t√≠nh nƒÉng n√†y.",3,False,Xuy√™n inox,Kh√¥ng t·ª± kho√° ·ª©ng d·ª•ng
601,2020-05-21 09:15:16,H·ªá th·ªëng r·∫Øc r·ªëi v√† kg c√≥ th√¥ng b√°o khi thay ƒë·ªïi li√™n quan ƒë·∫øn mobi/ internet banking,1,False,Linh Nguyen Pham,Smart otp
602,2020-05-12 09:18:49,"App th√¨ hay b·ªã l·ªói, m·ªói l·∫ßn reset m√°y l·∫°i ph·∫£i ra ng√¢n h√†ng k√≠ch ho·∫°t l·∫°i. Phi·ªÅn ph·ª©c kinh kh·ªßng.",1,False,ch√†hkztjstj,Th·∫±ng n√†o l√†m app qu√° ngu
603,2020-05-06 21:35:13,"·ª®ng d·ª•ng qu√° t·ªá, c√†i ƒë·∫∑t theo h∆∞·ªõng d·∫´n th∆∞·ªùng xuy√™n b√°o l·ªói, y√™u c·∫ßu ra Ng√¢n h√†ng ƒë·ªÉ th·ª±c hi·ªán.",1,False,linhlinhnv,Smart OTP
604,2020-05-04 11:28:29,"ƒêang d√πng r·∫•t b√¨nh th∆∞·ªùng th√¨ b√°o l√† ƒë√£ n√¢ng c·∫•p phi√™n b·∫£n m·ªõi. Nh∆∞ng xo√° ƒëi t·∫£i l·∫°i th√¨ v·∫´n l√† phi√™n b·∫£n c≈©, kh√¥ng th√°o sim, kh√¥ng ƒë·ªïi ƒëi·ªán tho·∫°i nh∆∞ng kh√¥ng c√≥ c√°ch v√†o d√πng ƒë∆∞·ª£c.",1,False,Chriskety,L√†m vi·ªác r·∫•t lag
605,2020-05-04 11:24:18,"Kh√¥ng c·∫≠p Nh·∫≠t ƒë∆∞·ª£c phi√™n b·∫£n m·ªõi nh·∫•t . Hi·ªán t·∫°i ƒëang x√†i version 2. M√† tr√™n trang web c·ªßa vcb th√¨ ƒë√£ c√≥ version 3. Nh∆∞ng trong App Store th√¨ ko c√≥ . Nh·∫≠n ƒë∆∞·ª£c th√¥ng b√°o l√† s·∫Ω ng·ª´ng cung c·∫•p phi√™n b·∫£n c≈© t·ª´ ng√†y 4/5 n√™n ƒëang lo l·∫Øng , g·ªçi l√™n t·ªïng ƒë√†i th√¨ b√°o b·∫≠n  vui l√≤ng li√™n h·ªá l·∫°i sau. C·∫£m th·∫•y lo l·∫Øng",1,False,lonleysome,Kh√¥ng c·∫≠p Nh·∫≠t ƒë∆∞·ª£c version m·ªõi
606,2020-05-03 00:16:09,C√≥ ai bi·∫øt l√†m th·∫ø n√†o l·∫•y l·∫°i ƒë∆∞·ª£c t√™n truy c·∫≠p c·ªßa ib@nkig ko ·∫° ch·ªâ em v·ªõi,2,False,Minh ƒêenüòòüåø,Vcb-ib@nking
607,2020-04-20 13:56:07,V√†o nh·∫≠p m√£ giao diÃ£ch xog ko ·∫•n ƒë·ªÉ l·∫•y m√£ dc,1,False,cuhoaitay,D√πng tr√™n ipad air 2 ko d√πng dc
608,2020-04-20 04:23:33,"ƒê·ªïi thi·∫øt b·ªã ph·∫£i ƒë·∫øn ng√¢n h√†ng ƒë·ªÉ thi·∫øt l·∫≠p l·∫°i, nh·∫≠n m√£ k√≠ch ho·∫°t Smart OTP. 
C·ª±c k·ª≥ b·∫•t ti·ªán v√† l·∫°c h·∫≠u",1,False,TLDC112233,·ª®ng d·ª•ng l·ªói th·ªùi
609,2020-04-19 09:37:31,App t·ªá h·∫°i nh·∫•t t·ª´ng th·∫•y. crash li√™n t·ª•c,1,False,damnjacker,App crash
610,2020-04-14 00:59:53,·ª®ng d·ª•ng c√≥ d√πng k·∫øt h·ª£p v·ªõi mobilebanking kh√¥ng.,1,False,duongtungnguyen,T∆∞ v·∫•n
611,2020-04-03 12:27:37,M·∫•t c√¥ng down. Damn it.,1,False,Tr·∫ßn Tr·ªçng H·∫£i,"L·ªüm , t·ªá h·∫°i"
612,2020-03-29 11:31:15,Qu√° l·∫±ng nh·∫±ng v√† ph·ª©c t·∫°p. ƒê√£ b·ªè Vietcombank v√† s·ª≠ d·ª•ng ng√¢n h√†ng kh√°c v√¨ ph√≠ th√¨ cao m√† l√†m c√°i smart otp c≈©ng kh√¥ng ra g√¨.,1,False,c·∫ßn m·ªôt nicknam,Qu√° kh√≥ ch·ªãu!!!!
613,2020-03-27 11:05:52,App th√¨ b√°o l·ªói kh√¥ng k√≠ch ho·∫°t ƒë∆∞·ª£c c√≤n website th√¨ ƒë∆∞·ª£c. L·∫°i th√™m qu√° nhi·ªÅu ·ª©ng d·ª•ng con qu√° r∆∞·ªùm r√† v√† kh√≥ khƒÉn khi s·ª≠ d·ª•ng. ƒê·ªôi tech VCB th·∫≠t s·ª± l√†m m√¨nh r·∫•t th·∫•t v·ªçng v√† b·ª±c b·ªôi.,1,False,hvn333,R·∫•t t·ªìi t·ªá
614,2020-03-27 04:53:44,"Kh√¥ng hi·ªÉu sao 1 Ng√¢n h√†ng l·ªõn th·∫ø m√† c√≥ 1 ·ª©ng d·ª•ng t·ªá h·∫°i nh∆∞ th·∫ø n√†y! C·∫£m gi√°c ƒë·ªôi l·∫≠p tr√¨nh to√†n lo·∫°i ƒÉn h·∫°i, con √¥ng ch√°u cha nh√©t v√†o. M·ªôt ng∆∞·ªùi l√†m vi·ªác trong lƒ©nh v·ª±c cntt h∆°n 10 nƒÉm c≈©ng ko th·ªÉ ƒëƒÉng k√Ω ƒëc th√†nh c√¥ng!!!",1,False,Hamt1982,Th·∫£m ho·∫°
615,2020-03-19 04:19:38,N√™n ƒë·ªÉ nh∆∞ c≈©. Qu√° nhi·ªÅu b·∫•t ti·ªán v√† l·ªói,1,False,anhaiaiwbs,Kh√¥ng ti·ªán nghi
616,2020-03-18 09:44:21,"Kho·∫£ng 2 tu·∫ßn kh√¥ng d√πng th√¨ Smart OPT b·ªã out. ƒêƒÉng nh·∫≠p l·∫°i ki·ªÉu g√¨ c≈©ng ko ƒë∆∞·ª£c.
G·ªçi ƒëi·ªán tho·∫°i l√™n t∆∞ v·∫•n vi√™n h∆∞·ªõng d·∫´n th√¨ l√†m ƒë√∫ng theo h∆∞·ªõng d·∫´n c≈©ng ko ƒëc.
Vietcombank g·ª≠i tin x√°c nh·∫≠n l√† ƒë√£ k√≠ch ho·∫°t smart OTP. Tr√≤n khi ƒë√≥ 6167 b·∫£o ch∆∞a k√≠ch ho·∫°t.
L√™n internet banking c≈©ng ƒë√£ k√≠ch ho·∫°t lu√¥n.
V·∫≠y app kh√¥ng h·ªÅ link v·ªõi internet banking.
Xong b√°o l√† do ƒëi·ªán tho·∫°i c·ªßa kh√°ch l√† iphone b·∫£ng x√°ch tay n√™n ko l√†m ƒëc.
∆† qq g√¨ th·∫ø n√†y ???",1,False,phuonghuynh903@gmail,Qu√° t·ªá
617,2020-03-16 06:33:11,Sao m√¨nh nh·∫≠p m√£ kh√°ch h√†ng l√† s·ªë ƒëi·ªán tho·∫°i c·ªßa m√¨nh m√† ch·ªù d√†i c·ªï kg th·∫•y tƒÉm h∆°i  ng√¢n h√†ng g·ª≠i m√£ kichs ho·∫°t ƒë·ªÉ k√≠ch ho·∫°t :/ G·ªçi ƒëi·ªán l√™n ng√¢n h√†ng th√¨ ch·∫≥ng ai b·∫Øt m√°y ƒë·ªÉ gi·∫£i ƒë√°p th·∫Øc m·∫Øc !,1,False,AliceNhung,Kh√¥ng k√≠ch ho·∫°t dc :(
618,2020-03-15 16:52:36,"ƒêang y√™n ƒëang l√†nh d√πng 1 app cho n√≥ ƒë·ª° n·∫∑ng m√°y l·∫°i d√¢y ra hai app ch·∫£ hi·ªÉu ƒë·ªÉ l√†m g√¨, v·ªõ va v·ªõ v·∫©n, app m·ªõi t·∫£i v·ªÅ c√≥ th·∫•y g·ª≠i m√£ k√≠ch ho·∫°t qu√°i ƒë√¢u, th·∫•y ƒëi·ªÅn m·ªói sƒët, c≈©ng ch·∫£ c√≥ n√∫t y√™u c·∫ßu g·ª≠i m√£ th√¨ ƒë·∫øn m√πa qu√Ωt c≈©ng kh√¥ng nh·∫≠n ƒë∆∞·ª£c m√£ kh. App qu√° ch√°n, ch·∫£ nh·∫Ω l·∫°i ch·ªâ v√¨ c√°i app d∆°t h∆°i m√† hu·ª∑ lu√¥n t√†i kho·∫£n kh·ªèi d√πng vcb n·ªØa? Ng∆∞·ªùi ta c√†ng ng√†y c√†ng ƒë∆°n gi·∫£n ho√° m·ªçi th·ª© m√† c√°i ng√¢n h√†ng n√†y su·ªët ng√†y ƒë·ªïi h·∫øt c√°i n·ªç l·∫°i sang c√°i kia. B·ª±c c·∫£ m√¨nh",1,False,Viviannnnnnnn90111,App nh∆∞ d·ªü h∆°i
619,2020-03-15 06:19:11,Hoang nam,1,False,fujinana777,Ng√¢n h√†ng qu√° t·ªá.m√£ otp ra ng√¢n h√†ng kick ho·∫°t thanh c√¥ng v√™ nha chuy·ªÉn kh√¥ng dk
620,2020-01-09 03:51:41,M√¨nh ƒëang h·ªçc v√† l√†m vi·ªác t·∫°i n∆∞·ªõc ngo√†i . Minh tr∆∞·ªõc c√≥ ƒëƒÉng k√Ω d·ªãch v·ª• nh∆∞ng m√¨nh ƒë·ªïi ƒëi·ªán tho·∫°i n√™n kh√¥ng ti·∫øp t·ª•c d√πng ƒë∆∞·ª£c . V·∫≠y cho m√¨nh h·ªèi ƒëƒÉng k√Ω tr·ª±c tuy·∫øn ƒë∆∞·ª£c kh√¥ng ·∫° . M√¨nh c·∫£m ∆°n,4,False,√öt daklak,Mong ad ch·ªâ gi√∫p
621,2020-03-14 02:53:09,"X√°c nh·∫≠n app ko ch·∫°y ƒëc tr√™n ip11 ios13.3.1
Tr∆∞·ªõc ƒë√¢y v·∫´n d√πng bt tr√™n ip7 ios12",1,False,L·ªói tr√™n IP11,App l·ªói tr√™n ip11
622,2020-03-04 04:42:49,B√™n dev n√™n fix l·∫°i c√°i n√†y ngay l·∫≠p t·ª©c. ·ª®ng d·ª•ng m·ªü l√™n nh·∫≠p m√£ pin r·ªìi l√† ko c·∫ßn ph·∫£i nh·∫≠p n·ªØa. Tr∆∞·ªõc ƒë√¢y ch·ªâ c·∫ßn chuy·ªÉn qua ·ª©ng d·ª•ng kh√°c r·ªìi quay l·∫°i l√† b·∫Øt ph·∫£i nh·∫≠p m√£. C√≤n gi·ªù th√¨ ko. R·∫•t thi·∫øu b·∫£o m·∫≠t,1,False,[Duy Nguyen],Kh√¥ng c√≥ t√≠nh b·∫£o m·∫≠t
623,2020-02-17 07:09:23,M bat t·∫£i v·ªÅ ƒëky xong k√™u so·∫°n tin nh·∫Øn g·ª≠i 6167 ƒë·ªÉ k√≠ch ho·∫°t. So·∫°n g·ª≠i m·∫•t ti·ªÅn xong tl 1 c√¢u ph·∫£i ƒëƒÉng k√Ω sms banking ƒë·ªÉ truy v·∫•n th√¥ng tin. Me kiep t·ª•i m.  B√†y cach ƒë·ªÉ m√† rut ti√®n ak.,1,False,123dmmmmmmmmmmm,Kh·ªën
624,2020-02-15 05:28:52,VCB n√™n b·ªè s·ªë Hotline hi·ªán t·∫°i ho·∫∑c thay ƒë·ªïi c∆° ch·∫ø NV tr·ª±c t·ªïng ƒë√†i. G·ªçi ch·ªâ th·∫•y nh·∫°c ch·ªù r·ªìi b√°o ƒëang b·∫≠n l√≤ng v√≤ng v·ª´a t·ªën time v√† ti·ªÅn b·∫°c c·ªßa kh√°ch h√†ng.,1,False,ƒê√¥ng_pv,Hotline nh∆∞ kh√¥ng
625,2020-02-14 04:34:02,Good,5,False,ThichLaNhich87,Ok
626,2020-02-05 07:31:11,"C·∫ßn n√¢ng c·∫•p phi√™n b·∫£n. Li√™n h·ªá v·ªõi nh√¢n vi√™n t·ªïng ƒë√†i c≈©ng kh√¥ng bi·∫øt v√¨ sao.

L·ªói: Thi·∫øt b·ªã ko b·∫£o ƒë·∫£m",3,False,bcjjjvsj,B√°o l·ªói tr√™n Note 10
627,2020-01-20 07:02:01,"Ng√¢n h√†ng c√≥ ƒë·∫°o ƒë·ª©c khi phong to·∫£ ti·ªÅn c·ªßa b·ªçn kh·ªßng b·ªë, ph·∫£n ƒë·ªông!",5,False,Kid_no1,·ª¶ng h·ªô VCB
628,2020-01-19 09:05:46,V√¥ ph√°p,1,False,thangd2it,V√¥ lu·∫≠t
629,2020-01-19 07:28:52,"App t·ªá, ph√≠ cao, t·∫≠n thu v√¥ t·ªôi v·∫°, v√† nh·∫•t l√† v√¥ nh√¢n ƒë·∫°o.",1,False,Wacky_vn,Ng√¢n h√†ng c·ªß chu·ªëi nh·∫•t tr∆∞·ªõc gi·ªù
630,2020-01-18 09:03:29,Qu√¢n kh·ªën n·∫°n,1,False,Ydudjfi,L≈© kh·ªën n·∫°n
631,2020-01-18 01:59:24,"Ng√¢n h√†ng ƒÉn ch·∫∑n ti·ªÅn kh√°ch h√†ng, b·∫£o m·∫≠t th√¥ng tin qu√° t·ªá",1,False,TranaThu,0 sao
632,2020-01-18 01:49:11,"ƒê·ªïi ƒëi·ªán tho·∫°i, k ƒë·ªïi s·ªë ƒëi·ªán tho·∫°i m√† y√™u c·∫ßu ra qu·∫ßy m·ªõi l√†m ƒë∆∞·ª£c th√¨ qu√° phi·ªÅn ph·ª©c. Ai ra qu·∫ßy giao d·ªãch v·ªõi VCB s·∫Ω hi·ªÉu l√† s·∫Ω l√¢u, phi·ªÅn, kh√≥ ch·ªãu t·ªõi m·ª©c n√†o.",1,False,Ceres - Kame,ƒê·ªïi ƒëi·ªán tho·∫°i ƒë√≤i ph·∫£i ra qu·∫ßy
633,2020-01-17 19:42:08,"T·∫©y chay vietcombank. Ng√¢n h√†ng m·∫•t d·∫°y, th√≠ch chi·∫øm ƒëo·∫°t ti·ªÅn c·ªßa ai l√† chi·∫øm ƒëo·∫°t hay sao. M·ªôt ng√¢n h√†ng t·ªìi t·ªá nh∆∞ v·∫≠y m√† d√°m giao cho n√≥ gi·ªØ ti·ªÅn th√¨ ngu mu·ªôi.",1,False,Aevenue,Vietcombank m·∫•t d·∫°y
634,2020-01-07 00:34:17,"DK lai nhung lai loi khi kich hoat ung dung. Stupid update. Gay qua nhieu phien toai cho khach hang. Goi tong dai may chuc lan ko co nguoi boc may. Len PGD nhan vien phu trach cung chua biet cach lam, dang nghien cuu. Qua te.",1,False,KhucPho,Ung dung cap nhat bat khach hang dang ky lai tu dau
635,2020-01-06 04:52:59,"·ª®ng d·ª•ng qu√° l·∫±ng nh·∫±ng
1 bank l·ªõn m√† it ngu nh∆∞ b√≤",1,False,anhxin1k,N√™n ƒëu·ªïi m·∫•y th it ngu si ƒëi
636,2020-01-06 03:56:24,"Phi√™n b·∫£n m·ªõi l√†m thao t√°c ch·∫≠m khi nh·∫≠p m√£ n√™n c√≥ ph·∫ßn copy m√£ ƒë·ªÉ d√°n cho nhanh, phi√™n b·∫£n c≈© l√†m t·ªët h∆°n. T·∫°i sao l·∫°i xo√° ƒëi t√≠nh nƒÉng copy m√£ ·ªü phi√™n b·∫£n c≈©",1,False,LongPleiku,"Phi√™n b·∫£n m·ªõi qu√° r∆∞·ªùm r√†, thao t√°c ch·∫≠m"
637,2020-01-04 03:50:14,Phi√™n b·∫£n app phi·ªÅn h√† r·∫Øc r·ªëi l√†m nhi·ªÅu ti·∫øng ƒë·ªìng h·ªì c√πng v·ªõi nh√¢n vi√™n bank c≈©ng kh√¥ng ƒë∆∞·ª£c.,1,False,Anna UT,Qu√° t·ªá
638,2020-01-02 09:26:06,V√¨ c√°i app c·ªß chu·ªëi n√†y m√† s·∫Ω r·∫•t nhi·ªÅu ng ko d√πng Vietcombank n·ªØa,1,False,tom102103,Qu√° t·ªá
639,2019-11-05 02:42:20,M√µi l·∫ßn ƒë·ªïi ƒët hay c√≥ s·ª± c·ªë m·∫•t ƒët l√† y nh∆∞ r·∫±ng n√≥ k cho ƒën v√†o !,1,False,Thanhtuyen123,B·∫•t ti·ªán v√† t·ªá
640,2019-05-06 08:35:50,"Sau khi update b·∫£n m·ªõi 04.2019 th√¨ b·ªã l·ªói app lu√¥n. Kh√¥ng c√≤n m·ªü app l√™n ƒë∆∞·ª£c n·ªØa.
iOS 9.2.
Theo th√¥ng tin ghi l√† x√†i ƒë∆∞·ª£c nh∆∞ng t√¨nh h√¨nh l√† b·ªã l·ªói. ƒê·ªÅ ngh·ªã fix l·ªói l·∫°i gi√∫p.",3,False,maphuong,L·ªói b·∫£n m·ªõi 04.2019
641,2019-10-25 12:10:12,l·ªói ko k√≠ch ƒë∆∞·ª£c khi ƒë·ªïi thi·∫øt b·ªã,1,False,spy1692,l·ªói ko k√≠ch ƒë∆∞·ª£c khi ƒë·ªïi thi·∫øt b·ªã
642,2019-10-23 16:56:36,Dev ngu ko th·ªÉ t·∫£,1,False,Crissanger14492,App c√πi
643,2019-09-04 05:05:48,Kh√¥ng ho·∫°t ƒë·ªông tr√™n ios 9,1,False,ƒê√¨nh ƒë·ª©c 3403,Kh√¥ng ho·∫°t ƒë·ªông tr√™n ios 9
644,2019-08-13 02:22:54,Vote 1* v√¨ h·∫° h·∫°n m·ª©c x√°c th·ª±c sms xuong c√≤n c√≥ 100tr. Mu·ªën chuy·ªÉn kho·∫£n nhi·ªÅu h∆°n th√¨ ph·∫£i x√†i c√°i c√πi b·∫Øp n√†y.,1,False,Phuongdt,X√°c th·ª±c sms an to√†n ti·ªán l·ª£i h∆°n
645,2019-08-08 09:23:18,K√≠ch ho·∫°t c√°c ki·ªÉu xong nh·∫≠p m√£ OTP th√¨ b√°o l√† nh·∫≠p sai ho·∫∑c h·∫øt th·ªùi gian. G·ªçi t·ªïng ƒë√†i th√¨ b√°o l√™n qu·∫ßy giao d·ªãch ƒë·ªÉ k√≠ch ho·∫°t l·∫°i. Vi·∫øt app m√† ph·∫£i ƒëi t·ªõi ƒëi lui v·∫≠y th√¨ c·∫ßn d√πng app ƒë·ªÉ l√†m g√¨.,1,False,Vanankts,Kh√¥ng d√πng ƒë∆∞·ª£c
646,2019-08-01 05:09:25,Ch∆∞ Cc,1,False,HuuDuy4119R,Cc
647,2019-07-27 12:26:24,R·∫•t ch√°n.,1,False,Giang0147,Kh√¥ng ra g√¨
648,2019-07-15 08:54:54,Ng√¢n h√†ng ch√°n ch·∫øt. C√≥ m·ªói smart otp k√≠ch ho·∫°t m√£i m√† ƒëc tr√™n web b√°o th√†nh c√¥ng. G·ªçi t·ªïng ƒë√†i kh√¥ng nghe m√°y. B·∫ª lu√¥n th·∫ª ko d√πng. Chuy·ªÉn sang techcombank cho l√†nh. H·ªó tr·ª£ kh√°ch h√†ng k√©m,1,False,Hs765lhs,Bad app
649,2019-07-15 05:35:25,kh√¥ng th·ªÉ hi·ªÉu n·ªïi ng√¢n h√†ng l·ª£i nhu·∫≠n bao nhi√™u n√† kh√¥ng thu√™ ƒë∆∞·ª£c ƒë·ªôi dev ƒë·ªìng b·ªô. l√†m ƒÉn nh∆∞ b·ªçn r·∫ª ti·ªÅn. r∆∞·ªùm r√† ph·ª©c t·∫°p thua c·∫£ th·∫±ng sinh vi√™n. 4.0 m√† ƒëƒÉng k√Ω ph·∫£i t·ªõi chi nh√°nh. l√†m vi·ªác 9h t·ªõi 11h r·ªìi 13h30 t·ªõi 16h. ngh·ªâ m·∫π cho r·ªìi,1,False,tuanndm,Dev √≥c ch√≥
650,2019-07-05 14:20:38,"T·ªìi t·ªá, trong h∆∞·ªõng d·∫´n k√≠ch ho·∫°t ko n√≥i r√µ ph·∫£i ƒë·∫øn qu·∫ßy giao d·ªãch! N·∫øu c√≥ sao n√†o th·∫•p h∆°n 1 s·∫Ω ƒë√°nh gi√° th·∫•p h∆°n 1",1,False,K·ªá B·ªùm,Kh√¥ng ƒë√∫ng mi√™u t·∫£ h∆∞·ªõng d·∫´n s·ª≠ d·ª•ng
651,2019-07-05 05:05:07,"T√¥i l√† d√¢n IT v√† xin n√≥i th·∫≠t l√≤ng App n√†y k√©m qu√°. T√¥i v·∫´n d√πng s·ªë ƒët bao nƒÉm nay ƒë·ªÉ ƒëƒÉng k√Ω nh∆∞ng kh√¥ng th·ªÉ ƒëƒÉng nh·∫≠p ƒë∆∞·ª£c v·ªõi th√¥ng b√°o"" S·ªë ƒët n√†y ch∆∞a ƒëƒÉng k√Ω dv"" K√≠nh ƒë·ªÅ ngh·ªã ban Gƒê VCB ƒëu·ªïi c·ªï m·∫•y √¥ng l√†m App n√†y ƒëi n·∫øu l√† ng∆∞·ªùi c·ªßa VCB. C√≤n n·∫øu thu√™ ngo√†i th√¨ n√™n ph·∫°t v√† c·∫Øt h·ª£p ƒë·ªìng.",1,False,Midi Utility,App k√©m qu√°
652,2019-07-05 01:54:36,Kh√¥ng th·ªÉ m·ªü ƒë∆∞·ª£c app ra. T·ª± nhi√™n sinh ra c√°i phi·ªÅn ph·ª©c. T√¥i ƒë√£ chuy·ªÉn sang d√πng techcombank r·ªìi.,1,False,Mr.fuk,M·∫•t vi·ªác
653,2019-07-02 08:22:36,"ƒêƒÉng k√≠ m·ªçi c√°i ƒë·ªÅu ph·∫£i ra qu·∫ßy giao d·ªãch. T·ª´ chuy·ªÉn xsang m√°y m·ªõi ƒë·ªÅu ph·∫£i ra g·∫∑p gdv. ƒêƒÉng k√≠ ·ªü qu·∫ßy sau 48h k d√πng m√°y k√≠ch ho·∫°t th√¨ ph·∫£i t·ª± ƒë·ªông ra l·∫°i l·∫ßn n·ªØa ƒë·ªÉ b·∫£o nv ƒëƒÉng k√≠ l·∫°i g·ª≠i ƒë√£ ƒëƒÉng k√≠ th√†nh c√¥ng sau ƒë√≥ k√≠ch ho·∫°t. ƒê·∫øn h√¥m nay s·ª≠ d·ª•ng th·ª≠ ƒë·ªÉ ra n∆∞·ªõc ngo√†i chuy·ªÉn $ th√¨ 10 l·∫ßn c·∫£ 10 ƒë·ªÅu b√°o Otp sai ho·∫∑c h·∫øt h·∫°n. G·ªçi l√™n t·ªïng ƒë√†i b√°o v·∫´n ho·∫°t ƒë·ªông b√¨nh th∆∞·ªùng v√† ch·ªù IT x·ª≠ l√≠. Sau 3 nƒÉm k·ªÉ t·ª´ ng√†y d√≠nh ph·ªët th√¨ app v·∫´n l·ªói, k c√≥ thay ƒë·ªïi g√¨.",1,False,Cuong Vu Manh,...
654,2019-07-02 01:55:20,"VKL su·ªët ng√†y ra r·∫£ 4.0, v·∫≠y m√† smart otp ph·∫£i ra ph√≤ng giao d·ªãch ƒëƒÉng k√Ω. ‚ÄúStupid otp‚Äù. Qu√° k√©m c·ªèi so v·ªõi techcombank",1,False,Hungit2011,T·ªá √©o hi·ªÉu n·ªïi
655,2019-07-01 06:00:09,ƒêang k√Ω r·ªìi m√† m·ªü app l√™n nh·∫≠p s·ªë dt ƒë√£ ƒëƒÉng k√Ω v√†o to√†n b·∫£o ra ngo√†i ƒëi·ªÉm giao d·ªãch ƒëƒÉng k√Ω,1,False,minh uc che,B·ªã l·ªói
656,2019-06-26 11:26:26,Mu·ªën k√≠ch ho·∫°t cho ƒëi·ªán tho·∫°i m·ªõi l·∫°i ph·∫£i ra qu·∫ßy giao d·ªãch l√†m th·ªß t·ª•c l·∫°i. Qu√° ∆∞ v√¥ l√Ω v√† t·ªën th·ªùi gian. T·∫°i sao x√°c nh·∫≠n b·∫±ng sms l·∫°i c√≥ h·∫°n m·ª©c th·∫•p h∆°n c√°i th·∫±ng smart otp ch·∫øt ti·ªát n√†y!!!,1,False,DuyNKs,Qu√° b·∫•t ti·ªán
657,2019-06-24 05:20:21,"M√¨nh m·ªõi ƒëi ƒëƒÉng k√Ω l·∫°i n√† , ƒëƒÉng k√Ω l·∫ßn tr∆∞·ªõc r·ªìi ƒëƒÉng k√Ω ho√†i",1,False,vui t√°nh gh√™,"M√¨nh m·ªõi ƒëi ƒëƒÉng k√Ω l·∫°i n√† , ƒëƒÉng k√Ω l·∫ßn tr∆∞·ªõc r·ªìi ƒëƒÉng k√Ω ho√†i"
658,2019-04-12 10:34:28,"L·∫ßn ƒë·∫ßu nh·∫≠p sƒët v√†o dc, g·ª° app th·ª≠ r·ªìi c√†i ƒë·∫∑t l·∫°i th√¨ kh√¥ng v√†o ƒë∆∞·ª£c n·ªØa ?? m·∫∑c d√π v·∫´n c√≤n ƒëƒÉng k√≠ smart otp tr√™n ibanking,??",1,False,bac lieu 889,"M√¨nh c≈©ng b·ªã ,,"
659,2019-01-18 12:23:23,"M·ªói chuy·ªán ƒëƒÉng k√Ω d·ªãch v·ª• th√¥i m√† ph·∫£i ƒëi h·∫øt m·∫•y l·∫ßn. M√¨nh ra ng√¢n h√†ng ƒëƒÉng k√Ω Internet Banking v√† Mobile Banking, ph·∫£i thay ƒë·ªïi l·∫°i ƒë·∫ßu s·ªë dƒë m·ªõi, b·ªØa sau l·∫°i ph·∫£i ƒëi n·ªØa v√¨ ch·ªã nh√¢n vi√™n qu√™n ƒë·ªïi ƒë·∫ßu s·ªë m·ªõi cho d·ªãch v·ª• Mobile Banking. Gi·ªù l·∫°i y√™u c·∫ßu ƒëi ng√¢n h√†ng n·ªØa ƒë·ªÉ ƒëƒÉng k√Ω Smart OTP. C√≥ m√† ƒëi kho√° th·∫ª lu√¥n ·∫•y!!!! ƒê·ªïi sang ng√¢n h√†ng kh√°c cho r·ªìi, h√†nh kh√°ch h√†ng v·ª´a th√¥i. L√†m nh∆∞ ai c≈©ng r·∫£nh m√† xin ngh·ªâ v√†i ng√†y ch·ªâ ƒë·ªÉ ƒëƒÉng k√Ω thanh to√°n tr·ª±c tuy·∫øn.",1,False,Julie 20,"Qu√° r·∫Øc r·ªëi, qu√° t·ªën th·ªùi gian!"
660,2018-10-01 20:39:24,R·∫•t ti·ªán l·ª£i nhanh ch√≥ng app m·ªëi,5,False,co ga c·ªì,T·ªë
661,2019-01-02 04:19:49,Mu·ªën k√≠ch ho·∫°t l·∫°i ph·∫£i ra qu·∫ßy. Qu√° b·∫•t ti·ªán v√† v√¥ l√Ω.,1,False,fuuka_adachi,Ch·ªâ k√≠ch ho·∫°t ƒë∆∞·ª£c l·∫ßn ƒë·∫ßu sau ƒë√≥ kh√¥ng ƒëƒÉng nh·∫≠p ƒë∆∞·ª£c n·∫øu l·ª° xo√° app
662,2018-12-13 09:45:12,"T·∫°i sao t√≠nh nƒÉng OTP kh√¥ng t√≠ch h·ª£p v√†o th·∫≥ng app VCB m√† ph·∫£i l√†m 1 app ri√™ng?
Giao di·ªán x·∫•u, password 4 s·ªë?",1,False,zeroxxtt,T·∫°i sao kh√¥ng t√≠ch h·ª£p?
663,2018-12-08 01:46:21,L·ªói,1,False,l√¢m 9 ng√≥n,L·ªói k v√†o ƒëc
664,2018-11-07 15:56:03,"M·∫π giao d·ªãch vi√™n b·ªã sao ·∫•y nh·ªâ, b·∫£o ngta ƒëk lu√¥n cho r, c·ª© v·ªÅ ƒë·ªïi mk th√¨ ng·ªõ ra c√°i n√†y c≈©ng ph·∫£i ra ng√¢n h√†ng ƒë·ªÉ ƒëk?!? M·ªü th√¨ m·ªü gi·ªù h√†nh ch√≠nh c·ª© ph·∫£i nghƒ© l√†m ƒë·ªÉ ra dk √†?",1,False,quangloc25,T·ªá v√¥ c√πng
665,2018-10-23 03:00:58,Theredkid281,1,False,theredkid281,Li√™n t·ª•c b√°o kh√¥ng c√≥ k·∫øt n·ªëi internet
666,2018-10-21 07:54:46,ƒê·ªÅ ngh·ªã h·ªó tr·ª£ th√™m Authy. T√¥i ko th√≠ch ·ª©ng d·ª•ng n√†y. H√£y h·ªó tr·ª£ th√™m Authy ƒë·ªÉ kh√°ch h√†ng c√≥ th√™m l·ª±a ch·ªçn.,1,False,Thuydu208,ƒê·ªÅ ngh·ªã h·ªó tr·ª£ th√™m Authy
667,2018-04-09 18:56:46,In b b,5,False,Nh·∫≠n otp sao,Ai giup voi
668,2018-07-08 17:40:24,"Mang ti·∫øng l√† ng√¢n h√†ng l·ªõn m√† app t·ªá h·∫°i, l·ªói t√πm lum. Ch·∫Øc thi·∫øu ti·ªÅn thu√™ b·ªô ph·∫≠n thi·∫øt k·∫ø app chuy√™n nghi·ªáp.",1,False,LiamTruong,T·ªá h·∫°i!!!
669,2018-06-23 06:49:15,cai lon chau,1,False,duykti,Nh∆∞ con c·∫≠t
670,2021-10-20 09:21:33,1,5,False,Q0510190,R·∫•t th√¥ng minh
671,2018-04-03 07:04:06,vcb ƒë·ªï ti·ªÅn v√†o l√†m h·ªá th·ªëng n√†y qu√° r∆∞·ªùm r√† v√† n·∫∑ng n√®. sacombank v√† techcombank tinh g·ªçn h∆°n r·∫•t nhi·ªÅu,1,False,biheobmt,r∆∞·ªùm r√† n·∫∑ng n·ªÅ
672,2018-01-08 21:25:17,"So v·ªõi app sms th√¨ app qu√° c√πi b·∫Øp. Giao di·ªán kh√≥ hi·ªÉu, l·∫±ng nh·∫±ng.
K√≠ch ho·∫°t ban ƒë·∫ßu nh·∫≠p sdt ch√≠nh x√°c th√¨ k√™u l·ªói. Bla bla",1,False,Keo myt,Kh√¥ng d√πng ƒë∆∞·ª£c
673,2017-08-18 13:49:42,C·ª© b√°o l·ªói m√£ sai ho·∫∑c h·∫øt th·ªùi gian c·∫ßn kh·∫Øc ph·ª•c,1,False,duc ngang,T·ªá
674,2017-07-05 02:56:38,They changed the policy so you'll have to register/re-activate OTP at one of their transaction centers. Not the app's fault. But it needs UI rework anyway.,3,False,NPotterVN,"It's not the app, it's the policy"
675,2017-03-02 14:00:03,l·ª´a ƒë·∫£o m·∫•t ti·ªÅn,1,False,Abomacare,app l·ª´a ƒë·∫£o m·∫•t ti·ªÅn
676,2021-10-09 03:47:09,5*,5,False,Nhimdom,D·ªãch v·ª• an to√†n b·∫£o m·∫≠t cao
677,2015-09-12 00:50:32,L√†m theo y nh∆∞ h∆∞·ªõng d·∫´n ƒë·∫øn b∆∞·ªõc nh·∫≠p m√£ giao d·ªãch th√¨ l·∫°i kh√¥ng th·∫•y s·ªë ƒë√¢u. M·∫∑c d√π c√≥ l∆∞u √Ω l√† 6 ch·ªØ s·ªë tr√™n m√†n h√¨nh m√† ch·∫≥ng th·∫•y xu·∫•t hi·ªán ƒë·ªÉ nh·∫≠p....haiz...,1,False,Hay m√† l·∫°i kh√¥ng Hay,Ti·ªán m√† kh√¥ng ti·ªán
678,2015-05-12 12:55:05,"Chuy·ªÉn ti·ªÅn kh√°c ng√¢n h√†ng, sau khi t·∫£i app v·ªÅ c√†i xong r·ªìi! M√† v√†o internet Banking vi·∫øt l·ªánh ra ch·∫≥ng ƒë∆∞·ª£c. H·ªá th·ªëng ch√°n qu√°",1,False,Ph·∫°m thu·ª≥ nhung,Chuy·ªÉn ti·ªÅn kh√°c ng√¢n h√†ng
679,2015-04-11 02:46:54,"Tr√™n internet banking th√¨ b√°o b·∫°n nh·∫≠p m√£ tr√™n ·ª©ng d·ª•ng OTP.m√† tr√™n ·ª©ng d·ª•ng th√¨ c√†i xong ko nh·∫≠n ƒë∆∞·ª£c tin nh·∫Øn k√≠ch ho·∫°t ·ª©ng d·ª•ng,b√≥ tay",1,False,amen160,"l·ªói n·∫∑ng qu√°,kh√¥ng chuy·ªÉn ƒë∆∞·ª£c ti·ªÅn lu√¥n"
680,2016-03-20 07:47:29,Hi·ªán n√†y k√≠ch ho·∫°t dich vu b·∫±ng 2 ƒë·∫ßu s·ªë m·ªõi l√† 0868 vs 0888 ko th·ª±c hi·ªán ƒë∆∞·ª£c.. Fix nhanh nh√© add,4,False,SkendyNhaat,N√¢ng c·∫•p
681,2015-03-22 07:00:43,"App c·ª© b·∫Øt nh·∫≠p m√£ ki·ªÉm tra giao d·ªãch li√™n t·ª•c, m·∫•y c√°i ƒë·∫ßu m√¨nh c√≤n v√†o ibanking t√¨m ƒëc, sau ƒë√≥ th√¨ ch·ªãu k bi·∫øt l·∫•y ·ªü ƒë√¢u ƒë·ªÉ nh·∫≠p v√†o :|",1,False,haphuong0072004,Kh√≥ hi·ªÉu
682,2016-08-17 09:52:38,very gooooood!,5,False,garung76,review
683,2016-08-08 04:36:05,B√°o l·ªói: c√≥ l·ªói x·∫£y ra trong qu√° tr√¨nh k√≠ch ho·∫°t d·ªãch v·ª•. Xin qu√Ω kh√°ch vui l√≤ng th·ª≠ l·∫°i...,1,False,Trungdf,L·ªói bu·ªìn
684,2016-08-07 13:28:02,kh√¥ng t·∫£i ƒë∆∞·ª£c,2,False,ti·ªÅn ha,kh√¥ng t·∫£i ƒë∆∞·ª£c
685,2016-08-05 04:14:29,"ƒêang x√†i b√¨nh th∆∞·ªùng th√¨ 4.8.2016 nh·∫≠n ƒë∆∞·ª£c th√¥ng b√°o c·ªßa Vcb ph·∫£i xo√° ƒëi c√†i l·∫°i. Ok th√¨ c√†i l·∫°i.
C√†i xong ƒë·∫øn ƒëo·∫°n nh·∫≠p s·ªë ƒëi·ªán tho·∫°i tr√™n ·ª©ng d·ª•ng Vcb Otp th√¨ to√†n b√°o l·ªói kh√¥ng k·∫øt n·ªëi internet trong khi m·∫°ng v·∫´n ƒë·∫ßy, t·∫Øt wifi n·ªëi 3g c≈©ng kh√¥ng ƒë∆∞·ª£c. Xo√° ƒëi c√†i l·∫°i c≈©ng kh√¥ng ƒë∆∞·ª£c. G·ªçi hotline th√¨ ch·∫øt kh√¥ng li√™n h·ªá ƒë∆∞·ª£c. G·ªçi s·ªë c·ªë ƒë·ªãnh th√¨ t·ªïng ƒë√†i b·∫≠n su·ªët, kh√¥ng k·∫øt n·ªëi ƒë∆∞·ª£c. 
ƒêang c·∫ßn chuy·ªÉn kho·∫£n th√¨ ch·ªãu kh√¥ng c√≥ Otp th√¨ chuy·ªÉn ki·ªÉu g√¨???

Gi·∫£i t√°n b·ªô ph·∫≠n IT c·ªßa Vcb ƒëi. L√†m ƒÉn nh∆∞ kit.",1,False,Tuantk,·ª®ng d·ª•ng l·ªüm qu√°
686,2016-08-05 04:02:54,"Khai sdt ƒëky m√£i m√† c·ª© b√°o l·ªói ko k·∫øt n·ªëi internet, trong khi k·∫øt n·ªëi c·∫£ wifi 3g bt",1,False,Gugde virden,Kh√¥ng ƒëky ƒëc
687,2016-06-25 10:44:45,ƒêƒÉng k√≠ sms th√¥ng b√°o v·ªÅ sdt r√πi m√† v·∫´n kh√¥ng v√†o ƒë∆∞·ª£c,1,False,Game cui s·ªë 1,L·ªói
688,2016-06-13 15:09:26,h∆°i t√≠ b·∫Øt x√°c th·ª±c l·∫°i s·ªë ƒëi·ªán tho·∫°i. ƒë·∫øn m·ªát.,2,False,manhntt,b·ª±c
689,2016-04-10 14:51:19,"R·∫•t mong ƒë·ªôi ng≈© ph√°t tri·ªÉn app ƒë·ªçc ƒë∆∞·ª£c nh·ªØng g√≥p √Ω c·ªßa t√¥i d∆∞·ªõi ƒë√¢y:

1. ƒê·ªëi v·ªõi vi·ªác ƒëƒÉng nh·∫≠p v√†o ·ª©ng d·ª•ng ngo√†i s·ª≠ d·ª•ng m√£ 4 s·ªë n√™n k·∫øt h·ª£p th√™m c·∫£ v√¢n tay.

2. Ph·∫ßn hi·ªÉn th·ªã m√£ ki·ªÉm tra giao d·ªãch tr√™n website ngo√†i d√£y m√£ s·ªë n√™n hi·ªán k√®m c·∫£ m√£ qrcode. ƒê·ªìng th·ªùi t√≠ch h·ª£p qu√©t m√£ n√†y ngay tr√™n ·ª©ng d·ª•ng ·ªü b∆∞·ªõc nh·∫≠p m√£ ki·ªÉm tra giao d·ªãch.

=> H√¨nh dung t√¥i ch·ªâ c·∫ßn 1 ch·∫°m ng√≥n tay l√† m·ªü ƒë∆∞·ª£c ·ª©ng d·ª•ng. Chƒ©a camera v·ªÅ ph√≠a m√†n h√¨nh l√† t·ª± qu√©t v√† nh·∫≠p m√£ ktra giao d·ªãch + t·∫°o m√£ OTP. R·∫•t ti·ªán l·ª£i !",3,False,hungthao,H√£y l√†m ·ª©ng d·ª•ng ti·ªán l·ª£i h∆°n
690,2016-04-09 17:19:29,"nh·∫≠p m√£ opt li√™n t·ª•c nh∆∞ng v·∫´n b·ªã th√¥ng b√°o ""sai ho·∫∑c m√£ ƒë√£ h·∫øt h·∫°n""",1,False,VyLadykillah,·ª©c ch·∫ø
691,2016-04-01 00:00:27,"May qu√°, s·ªë ƒëi·ªán tho·∫°i 08x c·ªßa e d√πng ƒë∆∞·ª£c r√πi. B·∫£n 1.4 ch·∫°y ngon!",5,False,Lilynho,1.4 is good!
692,2016-03-31 15:58:26,M√¨nh ƒë√£ k√≠ch ho·∫°t ƒë∆∞·ª£c tr√™n ios 9.3,5,False,MinhMinh10,ƒê∆∞·ª£c r·ªìi
693,2016-03-31 09:16:45,L·ªói thi·∫øt b·ªã kh√¥ng k·∫øt n·ªëi  internet tr√™n ios9.3 mong kh·∫Øc ph·ª•c s·ªõm,1,False,shanefilan87,L·ªói
694,2016-03-31 04:52:18,Ko th·ªÉ k√≠ch ho·∫°t d√π c√≥ k·∫øt n·ªëi internet,1,False,Dizzy Nemuru,Kh√¥ng th·ªÉ s·ª≠ d·ª•ng ƒë∆∞·ª£c
695,2016-03-31 02:25:02,Sao c·ª© b·∫£o l√† k k·∫øt n·ªëi internet ch·ª© . B·ª±c m√¨nh qu√°,1,False,Ki·∫øm t√Ω xu,L·ªói n·∫∑ng
696,2016-03-31 00:24:46,Kh√¥ng th·ªÉ k√≠ch ho·∫°t do b√°o l·ªói kh√¥ng truy c·∫≠p Internet?! C√°c ch∆∞∆°ng tr√¨nh c√°c ch·∫°y b√¨nh th∆∞·ªùng ch·ªâ OTP n√†y b·ªã l·ªói,1,False,ThienNam04,L·ªói k·∫øt n·ªëi Internet
697,2016-03-30 12:00:48,"M√¨nh d√πng m√°y c√≥ ƒë·∫ßy ƒë·ªß k·∫øt n·ªëi 3G, wifi v√† m·∫°ng v·∫´n ho·∫°t ƒë·ªông b√¨nh th∆∞·ªùng nh∆∞ng ph·∫ßn m·ªÅm otp b√°o kh√¥ng c√≥ k·∫øt n·ªëi m·∫°ng n√™n k th·ªÉ k√≠ch ho·∫°t ƒë∆∞·ª£c ph·∫ßn m·ªÅm. Hy v·ªçng vietcombank s·ªõm kh·∫Øc ph·ª•c",3,False,Thanght14,Smart OTP l·ªói
698,2016-03-30 10:05:08,"B√°o l·ªói kh√¥ng th·ªÉ k√≠ch ho·∫°t d·ªãch v·ª• do kh√¥ng th·ªÉ k·∫øt n·ªëi internet tr√™n iOS 9.3 (13E234), 6s plus.",1,False,Quocnhm,L·ªói kh√¥ng th·ªÉ k√≠ch ho·∫°t d·ªãch v·ª•
699,2016-03-30 04:51:14,Phi√™n b·∫£n m·ªõi down v·ªÅ nh∆∞ng k√≠ch hoat k ƒë∆∞·ª£c. ƒêang k·∫øt n·ªëi wifi nh∆∞ng b√°o l·ªói l√† k c√≥ k·∫øt n·ªëi.,5,False,Khluat,L·ªói
700,2014-12-05 01:07:35,"·ª®ng d·ª•ng hay nh∆∞ng icon x·∫•u qu√°, kh√¥ng x·ª©ng t·∫ßm v·ªõi ƒë·∫≥ng c·∫•p Vietcombank. ƒê·ªÅ ngh·ªã thi·∫øt k·∫ø l·∫°i icon ƒë·∫πp h∆°n. Th√¢n.",4,False,Khoi1587,Icon kh√¥ng ƒë·∫πp
701,2016-03-16 13:22:58,Qua gi·ªü,1,False,Clanbui,Ng·ª´ng c√°i h·ªá th·ªëng n√†y ƒëi
702,2016-02-29 02:49:22,"C√°c b√°c ko bi·∫øt d√πng to√†n cho 1 sao :)))) c√≥ √¥ng d√πng smart OTP c√≤n ng·ªìi ch·ªù tin nh·∫Øn sms g√¨ n·ªØa :))))))) v√†o ph√°n nh∆∞ ƒë√πng r·ªìi. App n√†y r·∫•t nhanh thu·∫≠n l·ª£i ƒë·∫∑c bi·ªát cho ng∆∞·ªùi ·ªü n∆∞·ªõc ngo√†i, ko c√≥ ƒëi·ªÅu ki·ªán d√πng sms",5,False,daubac403,r·∫•t cool
703,2016-01-25 00:55:08,"- ·ª®ng d·ª•ng r·∫•t c√≥ l·ª£i trong vi·ªác r√∫t ng·∫Øn th·ªùi gian giao d·ªãch. M√¨nh d√πng iphone 5s x√†i ·ª©ng d·ª•ng kh√° ·ªïn ƒë·ªãnh.
- Tuy nhi√™n c√≤n h·∫°n ch·∫ø l√† ƒë·ªëi v·ªõi m·ªôt s·ªë ng∆∞·ªùi kh√¥ng r√†nh v·ªÅ c√¥ng ngh·ªá c√≤n l√∫ng t√∫ng khi c√†i ƒë·∫∑t v√† s·ª≠ d·ª•ng.",5,False,Phuongpv,"·ª®ng d·ª•ng t·ªët, d·ªÖ s·ª≠ d·ª•ng"
704,2015-12-12 10:13:14,Good,5,False,Hoaggbi,Hay
705,2015-12-12 05:25:37,"Chu·ªëi kh√¥ng th·ªÉ chu·ªëi h∆°n, ƒë·ªët ti·ªÅn vi·∫øt app m√† x√†i kh√¥ng ƒë∆∞·ª£c. Ch·∫Øc m·∫•y c√°i iOS c≈© th√¨ x√†i ƒë∆∞·ª£c, apple l√™n ƒë·ªùi c√≤n VCB th√¨ m·∫∑c k·ªá. Kh√°ch kh√¥ng d√πng ƒë∆∞·ª£c kh√¥ng ph·∫£i chuy·ªán c·ªßa VCB.",1,False,Springsteen2013,C√πi b·∫Øp to√†n t·∫≠p
706,2015-11-17 18:42:35,"X·ª≠ l√Ω giao d·ªãch nhanh ch√≥ng,ti·ªán l·ª£i",5,False,Binsaukiu,R·∫•t ti·ªán l·ª£i
707,2015-10-14 19:17:22,Ai ko c√≥ smartphone th√¨ sao nh·ªâ ?,1,False,V√© m√°y bay 0984813874,Sao ko d√πng sms ?
708,2015-10-10 08:03:12,H∆°i kh√≥ hi·ªÉu,1,False,Mi Sheo,K hi·ªÉu
709,2015-08-24 00:08:46,Tuy·ªát c√∫ m·ªÅu!!,5,False,Cute nam,Ung d·ª•ng ƒë·ªôc l·∫≠p r·∫•t hay?
710,2015-05-23 09:46:46,Hy vong se som c√≥ app cho ipad air 2. thks,2,False,Linda Chau,ko c√≥ app cho ipad air 2
711,2015-05-19 18:31:55,Thanks,5,False,Iunmai,R·∫•t tuy·ªát
712,2014-12-05 07:17:13,"Tr√™n c·∫£ tuy·ªát v·ªùi, ti·ªán d·ª•ng cho ng∆∞·ªùi Vi·ªát Nam sinh s·ªëng ·ªü n∆∞·ªõc ngo√†i",5,False,Yenbao nguyen,Vcb smart otp
713,2014-12-04 06:17:58,"ƒê∆°n gi·∫£n, ti·ªán l·ª£i, nhanh g·ªçn",5,False,PizPy,Qu√° tuy·ªát v·ªùi
